s2_caption,image_uri,tokenized_caption
uld ct false negative example 47yo male with 15 years of asbestos exposure subtle posterior basal interstitial abnormalities related to early asbestosis are visible in the standard acquisition adlp of 201mgycm but indiscernible on the uld ct bdlp of 19mgycm,780d51420ad492a61d00295adb6919bd492e6bd3_8-Figure3-1.png,"['uld', 'ct', 'false', 'negative', 'example', '47yo', 'male', 'with', '15', 'years', 'of', 'asbestos', 'exposure', 'subtle', 'posterior', 'basal', 'interstitial', 'abnormalities', 'related', 'to', 'early', 'asbestosis', 'are', 'visible', 'in', 'the', 'standard', 'acquisition', 'adlp', 'of', '201mgycm', 'but', 'indiscernible', 'on', 'the', 'uld', 'ct', 'bdlp', 'of', '19mgycm']"
pkgii reverses the apoptosisreducing effect of egf tunel staining was performed according to the manufacturers instructions of an in situ cell death detection kit cells with dark brown nuclear staining were taken as apoptotic cells and counted as described in materials and methods ac representative images of tunel staining a cells were infected with padlacz only b cells were infected with padlacz and inbuted with egf 100 ng ml for 5 min c cells were infected with padpkgii incubated with 250 m 8pcptcgmp for 1 h and then incubated with 100 ngml egf for 5 min d the number of apoptotic cells per x200 field the results represent mean  sd p001 compared with the padlaczegf group the results showed that egf treatment obviously decreased the apoptosis of mcf7 cells while pretreatment with 250 m 8pcptcgmp efficiently reversed the effect of egf,4fd909ba5e5ee6d90fae6967acd2f54cc9f8b4bf_4-Figure7-1.png,"['pkgii', 'reverses', 'the', 'apoptosisreducing', 'effect', 'of', 'egf', 'tunel', 'staining', 'was', 'performed', 'according', 'to', 'the', 'manufacturers', 'instructions', 'of', 'an', 'in', 'situ', 'cell', 'death', 'detection', 'kit', 'cells', 'with', 'dark', 'brown', 'nuclear', 'staining', 'were', 'taken', 'as', 'apoptotic', 'cells', 'and', 'counted', 'as', 'described', 'in', 'materials', 'and', 'methods', 'ac', 'representative', 'images', 'of', 'tunel', 'staining', 'a', 'cells', 'were', 'infected', 'with', 'padlacz', 'only', 'b', 'cells', 'were', 'infected', 'with', 'padlacz', 'and', 'inbuted', 'with', 'egf', '100', 'ng', 'ml', 'for', '5', 'min', 'c', 'cells', 'were', 'infected', 'with', 'padpkgii', 'incubated', 'with', '250', 'm', '8pcptcgmp', 'for', '1', 'h', 'and', 'then', 'incubated', 'with', '100', 'ngml', 'egf', 'for', '5', 'min', 'd', 'the', 'number', 'of', 'apoptotic', 'cells', 'per', 'x200', 'field', 'the', 'results', 'represent', 'mean', 'sd', 'p001', 'compared', 'with', 'the', 'padlaczegf', 'group', 'the', 'results', 'showed', 'that', 'egf', 'treatment', 'obviously', 'decreased', 'the', 'apoptosis', 'of', 'mcf7', 'cells', 'while', 'pretreatment', 'with', '250', 'm', '8pcptcgmp', 'efficiently', 'reversed', 'the', 'effect', 'of', 'egf']"
erect posteroanterior chest radiograph showing lung fields after chest drain removal there is no pneumothorax present however there is some persistent atelectasis in the right lung the left lung is clear,2b67d96df5488d5c3320f1626ba098c1b10b5a17_1-Figure2-1.png,"['erect', 'posteroanterior', 'chest', 'radiograph', 'showing', 'lung', 'fields', 'after', 'chest', 'drain', 'removal', 'there', 'is', 'no', 'pneumothorax', 'present', 'however', 'there', 'is', 'some', 'persistent', 'atelectasis', 'in', 'the', 'right', 'lung', 'the', 'left', 'lung', 'is', 'clear']"
a 48yearold patient with idc in the left breast a b early phase 18ffdg pet and fusion petct cd delayed phase pet and fusion petct show no significant fdg uptake in the nac of the left breast arrow nacsuvrearly  095 nacsuvrdelay  092 e contrastenhanced mri with axial view and f mri with sagittal view mri reveals no definite evidence of abnormal contrast enhancement of the nac in the left breast arrowhead this patient underwent breast conserving surgery and pathologic nac noninvolvement was confirmed,11357dcc40909413166afbddffe7b6b2f2e3309b_8-Figure2-1.png,"['a', '48yearold', 'patient', 'with', 'idc', 'in', 'the', 'left', 'breast', 'a', 'b', 'early', 'phase', '18ffdg', 'pet', 'and', 'fusion', 'petct', 'cd', 'delayed', 'phase', 'pet', 'and', 'fusion', 'petct', 'show', 'no', 'significant', 'fdg', 'uptake', 'in', 'the', 'nac', 'of', 'the', 'left', 'breast', 'arrow', 'nacsuvrearly', '095', 'nacsuvrdelay', '092', 'e', 'contrastenhanced', 'mri', 'with', 'axial', 'view', 'and', 'f', 'mri', 'with', 'sagittal', 'view', 'mri', 'reveals', 'no', 'definite', 'evidence', 'of', 'abnormal', 'contrast', 'enhancement', 'of', 'the', 'nac', 'in', 'the', 'left', 'breast', 'arrowhead', 'this', 'patient', 'underwent', 'breast', 'conserving', 'surgery', 'and', 'pathologic', 'nac', 'noninvolvement', 'was', 'confirmed']"
125isct binding assay a b c and d light photomicrographs of mnc from 6day cultures treated with pth 100 ngml a and c are brightfield images silver grains appear as black spots and b and d are darkfield images silver grains appear as white spots to demonstrate the specificity of 125isct binding some cultures were treated with excess cold salmon ct 1027 m c and d a and b demonstrate specific localization of silver grains on mnc after radiolabeled sct binding original magnification 2003,ba5b8e81fb34a0c30922cdcc04f7bef567330e39_2-Figure1-1.png,"['125isct', 'binding', 'assay', 'a', 'b', 'c', 'and', 'd', 'light', 'photomicrographs', 'of', 'mnc', 'from', '6day', 'cultures', 'treated', 'with', 'pth', '100', 'ngml', 'a', 'and', 'c', 'are', 'brightfield', 'images', 'silver', 'grains', 'appear', 'as', 'black', 'spots', 'and', 'b', 'and', 'd', 'are', 'darkfield', 'images', 'silver', 'grains', 'appear', 'as', 'white', 'spots', 'to', 'demonstrate', 'the', 'specificity', 'of', '125isct', 'binding', 'some', 'cultures', 'were', 'treated', 'with', 'excess', 'cold', 'salmon', 'ct', '1027', 'm', 'c', 'and', 'd', 'a', 'and', 'b', 'demonstrate', 'specific', 'localization', 'of', 'silver', 'grains', 'on', 'mnc', 'after', 'radiolabeled', 'sct', 'binding', 'original', 'magnification', '2003']"
chest radiograph that was carried out a at another hospital eight months previously and b at the time of admission chest computed tomography revealed two separated tumors c a 4cm mass adjacent to inner side of the shaft of the 6th rib and d an 8cm mass located at the costophrenic angle,ee752c4d1b580145280d26592dee4d591300fcf5_2-Figure1-1.png,"['chest', 'radiograph', 'that', 'was', 'carried', 'out', 'a', 'at', 'another', 'hospital', 'eight', 'months', 'previously', 'and', 'b', 'at', 'the', 'time', 'of', 'admission', 'chest', 'computed', 'tomography', 'revealed', 'two', 'separated', 'tumors', 'c', 'a', '4cm', 'mass', 'adjacent', 'to', 'inner', 'side', 'of', 'the', 'shaft', 'of', 'the', '6th', 'rib', 'and', 'd', 'an', '8cm', 'mass', 'located', 'at', 'the', 'costophrenic', 'angle']"
the spm results of children with dmd versus adult control comparisons the maps are superimposed on representative axial mr images in standardized space red and yellow areas in the right sensorimotor a and b and lateral temporal regions c and d as well as in the bilateral medial temporal structures eg and cerebellum h represent significant p 005 decreases of tracer activity in the dmd group the left side of the images is the right side of the brain,24235a2e81fbb062b1ad2d169185d3858332faf9_5-Figure2-1.png,"['the', 'spm', 'results', 'of', 'children', 'with', 'dmd', 'versus', 'adult', 'control', 'comparisons', 'the', 'maps', 'are', 'superimposed', 'on', 'representative', 'axial', 'mr', 'images', 'in', 'standardized', 'space', 'red', 'and', 'yellow', 'areas', 'in', 'the', 'right', 'sensorimotor', 'a', 'and', 'b', 'and', 'lateral', 'temporal', 'regions', 'c', 'and', 'd', 'as', 'well', 'as', 'in', 'the', 'bilateral', 'medial', 'temporal', 'structures', 'eg', 'and', 'cerebellum', 'h', 'represent', 'significant', 'p', '005', 'decreases', 'of', 'tracer', 'activity', 'in', 'the', 'dmd', 'group', 'the', 'left', 'side', 'of', 'the', 'images', 'is', 'the', 'right', 'side', 'of', 'the', 'brain']"
skull xray demonstrating absence of upper incisor teeth arrow,dcbfd9fab8d4075e5b9db4871b8c4e7b09dc55f0_2-Figure2-1.png,"['skull', 'xray', 'demonstrating', 'absence', 'of', 'upper', 'incisor', 'teeth', 'arrow']"
computed tomography showing pleural effusion yellow arrow and a mass in the abdominal wall red arrow,372fb608834f67a7b516fa1841975ab638261171_2-Figure1-1.png,"['computed', 'tomography', 'showing', 'pleural', 'effusion', 'yellow', 'arrow', 'and', 'a', 'mass', 'in', 'the', 'abdominal', 'wall', 'red', 'arrow']"
computed tomography scan at admission a b detection of the fistulous tract arrows between the sigmoid colon and the cecum,00bca1a68e08189c05cd2a1d0d6e23832303b475_2-Figure1-1.png,"['computed', 'tomography', 'scan', 'at', 'admission', 'a', 'b', 'detection', 'of', 'the', 'fistulous', 'tract', 'arrows', 'between', 'the', 'sigmoid', 'colon', 'and', 'the', 'cecum']"
clinical aspects of case 1 a mediastinal ct shows an irregularshaped thymoma adjacent to the aorta arrow b recurrence of thymoma is observed in the multiple areas of the left thorax arrow c recurrent thymoma invasion of the thoracic vertebra and spinal cord arrow d the patient has marked hair loss e f skin rashes on the patients legs and hands some were focally fused,918a87db6d5a201d0c92797b3a2b228dd1a9c04d_2-Figure1-1.png,"['clinical', 'aspects', 'of', 'case', '1', 'a', 'mediastinal', 'ct', 'shows', 'an', 'irregularshaped', 'thymoma', 'adjacent', 'to', 'the', 'aorta', 'arrow', 'b', 'recurrence', 'of', 'thymoma', 'is', 'observed', 'in', 'the', 'multiple', 'areas', 'of', 'the', 'left', 'thorax', 'arrow', 'c', 'recurrent', 'thymoma', 'invasion', 'of', 'the', 'thoracic', 'vertebra', 'and', 'spinal', 'cord', 'arrow', 'd', 'the', 'patient', 'has', 'marked', 'hair', 'loss', 'e', 'f', 'skin', 'rashes', 'on', 'the', 'patients', 'legs', 'and', 'hands', 'some', 'were', 'focally', 'fused']"
chest radiograph showing a right apical pneumothorax and a left sided haemopneumothorax,6339fcacfbee4d722bf5759ba27cabdaab9de652_1-Figure1-1.png,"['chest', 'radiograph', 'showing', 'a', 'right', 'apical', 'pneumothorax', 'and', 'a', 'left', 'sided', 'haemopneumothorax']"
perineal scan with slight angulation to the left in an 18yearold woman with a double collecting system in the left kidney showing the grossly dilated distal ureter ur of the upper moiety opening into the distal urethra arrows bl indicates urinary bladder,c8eacf6f86b2c846f23cf8861ed2d07a820fc1ba_6-Figure11-1.png,"['perineal', 'scan', 'with', 'slight', 'angulation', 'to', 'the', 'left', 'in', 'an', '18yearold', 'woman', 'with', 'a', 'double', 'collecting', 'system', 'in', 'the', 'left', 'kidney', 'showing', 'the', 'grossly', 'dilated', 'distal', 'ureter', 'ur', 'of', 'the', 'upper', 'moiety', 'opening', 'into', 'the', 'distal', 'urethra', 'arrows', 'bl', 'indicates', 'urinary', 'bladder']"
mri showing the damaged both endplates with the retropulsed fragment,fe59a0fc82d6c6ae1f3b04bfb597ede6fc491c24_2-Figure2-1.png,"['mri', 'showing', 'the', 'damaged', 'both', 'endplates', 'with', 'the', 'retropulsed', 'fragment']"
to illustrate normal division and to serve as a comparison for the experimental cells shown in following plates the progress of experimental and control cells through mitosis was determined by observing nuclear events such as nuclear envelope breakdown the start of the normal anaphase separation of half spindles fig 1 d and nuclear envelope reformation these all provide relatively precise temporal markers for experimental cells we also used the distribution and quantity of spindle birefringence to monitor their progress into telophase this is important because spindles of altered geometry do not show a traditional anaphase movement of chromosomes chromosomes pop apart but the chromatids do not move to opposite poles 14 in normal cells the birefringence of the central spindle and asters gradually increases after nuclear envelope breakdown and reaches its highest value at or shortly after anaphase onset fig 1 ac in early telophase   5 min after anaphase onset the halfspindle birefringence fades rapidly and the asters assume a larger more diffuse fibrous appearance fig 1 d and e,8636be9301565311d21cf3cf35c512c105ac937a_2-Figure1-1.png,"['to', 'illustrate', 'normal', 'division', 'and', 'to', 'serve', 'as', 'a', 'comparison', 'for', 'the', 'experimental', 'cells', 'shown', 'in', 'following', 'plates', 'the', 'progress', 'of', 'experimental', 'and', 'control', 'cells', 'through', 'mitosis', 'was', 'determined', 'by', 'observing', 'nuclear', 'events', 'such', 'as', 'nuclear', 'envelope', 'breakdown', 'the', 'start', 'of', 'the', 'normal', 'anaphase', 'separation', 'of', 'half', 'spindles', 'fig', '1', 'd', 'and', 'nuclear', 'envelope', 'reformation', 'these', 'all', 'provide', 'relatively', 'precise', 'temporal', 'markers', 'for', 'experimental', 'cells', 'we', 'also', 'used', 'the', 'distribution', 'and', 'quantity', 'of', 'spindle', 'birefringence', 'to', 'monitor', 'their', 'progress', 'into', 'telophase', 'this', 'is', 'important', 'because', 'spindles', 'of', 'altered', 'geometry', 'do', 'not', 'show', 'a', 'traditional', 'anaphase', 'movement', 'of', 'chromosomes', 'chromosomes', 'pop', 'apart', 'but', 'the', 'chromatids', 'do', 'not', 'move', 'to', 'opposite', 'poles', '14', 'in', 'normal', 'cells', 'the', 'birefringence', 'of', 'the', 'central', 'spindle', 'and', 'asters', 'gradually', 'increases', 'after', 'nuclear', 'envelope', 'breakdown', 'and', 'reaches', 'its', 'highest', 'value', 'at', 'or', 'shortly', 'after', 'anaphase', 'onset', 'fig', '1', 'ac', 'in', 'early', 'telophase', '5', 'min', 'after', 'anaphase', 'onset', 'the', 'halfspindle', 'birefringence', 'fades', 'rapidly', 'and', 'the', 'asters', 'assume', 'a', 'larger', 'more', 'diffuse', 'fibrous', 'appearance', 'fig', '1', 'd', 'and', 'e']"
magnetic resonance imaging mri different mri sequences for evaluating the diaphragm from a morphological point of view better view of the structure in the coronal plane the socalled t2 weighted sequences a allow visualization of the diaphragm as a hypointense streak dark interposed between two layers of adipose tissue fat of the subpleural space and the subdiaphragmatic that are visible as hyperintense clear the sequences t1weighted after administration of the contrast b use the opposite principle ie they show a diaphragm as a linear structure hyperintense or clear as it is soaked by injected contrast between two layers of adipose tissue hypointense black free of impregnation,70c234dd96e29ca4e6aec0aaff51a8f88e612557_4-Figure4-1.png,"['magnetic', 'resonance', 'imaging', 'mri', 'different', 'mri', 'sequences', 'for', 'evaluating', 'the', 'diaphragm', 'from', 'a', 'morphological', 'point', 'of', 'view', 'better', 'view', 'of', 'the', 'structure', 'in', 'the', 'coronal', 'plane', 'the', 'socalled', 't2', 'weighted', 'sequences', 'a', 'allow', 'visualization', 'of', 'the', 'diaphragm', 'as', 'a', 'hypointense', 'streak', 'dark', 'interposed', 'between', 'two', 'layers', 'of', 'adipose', 'tissue', 'fat', 'of', 'the', 'subpleural', 'space', 'and', 'the', 'subdiaphragmatic', 'that', 'are', 'visible', 'as', 'hyperintense', 'clear', 'the', 'sequences', 't1weighted', 'after', 'administration', 'of', 'the', 'contrast', 'b', 'use', 'the', 'opposite', 'principle', 'ie', 'they', 'show', 'a', 'diaphragm', 'as', 'a', 'linear', 'structure', 'hyperintense', 'or', 'clear', 'as', 'it', 'is', 'soaked', 'by', 'injected', 'contrast', 'between', 'two', 'layers', 'of', 'adipose', 'tissue', 'hypointense', 'black', 'free', 'of', 'impregnation']"
eobmri dynamic ct and ceus of the liver before chemotherapy a b the hepatobiliary phase of eobmri c d the arterial phase of dynamic ct e the kupffer phase of ceus f the vascular phase of ceus white dotted circles indicate wedgeshaped uneven perfusion in s56 and white arrowheads indicate the tumorous area in the s7 lesion,a1ea873ea330d499a7f7ca74c736b2a78e018f0d_3-Figure2-1.png,"['eobmri', 'dynamic', 'ct', 'and', 'ceus', 'of', 'the', 'liver', 'before', 'chemotherapy', 'a', 'b', 'the', 'hepatobiliary', 'phase', 'of', 'eobmri', 'c', 'd', 'the', 'arterial', 'phase', 'of', 'dynamic', 'ct', 'e', 'the', 'kupffer', 'phase', 'of', 'ceus', 'f', 'the', 'vascular', 'phase', 'of', 'ceus', 'white', 'dotted', 'circles', 'indicate', 'wedgeshaped', 'uneven', 'perfusion', 'in', 's56', 'and', 'white', 'arrowheads', 'indicate', 'the', 'tumorous', 'area', 'in', 'the', 's7', 'lesion']"
imaging studies a abdominal ct revealed a lowdensity tumor measuring 80 mm in diameter in the right lobe of the liver with irregular and peripheral enhancement of the lesion in the arterial phase and washout in the portal and delayed phases white arrows b a chest ct revealed a right pulmonary tumor that slowly increased from 6 to 8 mm during a sixmonth period white arrow head ct computed tomography,9575bce649a747fbd310a8da6f832823d831d245_3-Figure1-1.png,"['imaging', 'studies', 'a', 'abdominal', 'ct', 'revealed', 'a', 'lowdensity', 'tumor', 'measuring', '80', 'mm', 'in', 'diameter', 'in', 'the', 'right', 'lobe', 'of', 'the', 'liver', 'with', 'irregular', 'and', 'peripheral', 'enhancement', 'of', 'the', 'lesion', 'in', 'the', 'arterial', 'phase', 'and', 'washout', 'in', 'the', 'portal', 'and', 'delayed', 'phases', 'white', 'arrows', 'b', 'a', 'chest', 'ct', 'revealed', 'a', 'right', 'pulmonary', 'tumor', 'that', 'slowly', 'increased', 'from', '6', 'to', '8', 'mm', 'during', 'a', 'sixmonth', 'period', 'white', 'arrow', 'head', 'ct', 'computed', 'tomography']"
monopedal ap radiograph with weightbearing,63cf99910f1052323fbb967b155d40e2d14a8c82_3-Figure4-1.png,"['monopedal', 'ap', 'radiograph', 'with', 'weightbearing']"
merchant view axial view to measure congruence angle 1 bisect the angle of the femoral trochlea 2 draw a line from the apex of the femoral trochlea through the apex of the patella the angle between these two lines is the congruence angle,3323f2de777e0af9583a30b95e6f63576e78139e_2-Figure1-1.png,"['merchant', 'view', 'axial', 'view', 'to', 'measure', 'congruence', 'angle', '1', 'bisect', 'the', 'angle', 'of', 'the', 'femoral', 'trochlea', '2', 'draw', 'a', 'line', 'from', 'the', 'apex', 'of', 'the', 'femoral', 'trochlea', 'through', 'the', 'apex', 'of', 'the', 'patella', 'the', 'angle', 'between', 'these', 'two', 'lines', 'is', 'the', 'congruence', 'angle']"
body size measurement using lowdose screening chest ct ap diameter and lateral diameter are measured at midliver level ap  anteroposterior,d4f164a4d6064e1f14b0d8ab47d96af579952280_3-Figure1-1.png,"['body', 'size', 'measurement', 'using', 'lowdose', 'screening', 'chest', 'ct', 'ap', 'diameter', 'and', 'lateral', 'diameter', 'are', 'measured', 'at', 'midliver', 'level', 'ap', 'anteroposterior']"
contrastenhanced computed tomography of the abdomenpelvis at presentation a axial view showing an 8 cm enhancing left mass b coronal view indicating upper pole location,9a43dc57a5334c3ae306162537e8d1d407871186_2-Figure1-1.png,"['contrastenhanced', 'computed', 'tomography', 'of', 'the', 'abdomenpelvis', 'at', 'presentation', 'a', 'axial', 'view', 'showing', 'an', '8', 'cm', 'enhancing', 'left', 'mass', 'b', 'coronal', 'view', 'indicating', 'upper', 'pole', 'location']"
sagittal magnetic resonance venography shows filling defect in the superior sagittal sinus represents superior sagittal sinus thrombosis,6e5ee539bb3c45ec76db2f7280ed2431d396848c_2-Figure2-1.png,"['sagittal', 'magnetic', 'resonance', 'venography', 'shows', 'filling', 'defect', 'in', 'the', 'superior', 'sagittal', 'sinus', 'represents', 'superior', 'sagittal', 'sinus', 'thrombosis']"
normal chest xray with no infiltrate or plural effusion and normal pulmonary vasculature,11ae5592f2cbaf184748458f085d76d231903d12_2-Figure1-1.png,"['normal', 'chest', 'xray', 'with', 'no', 'infiltrate', 'or', 'plural', 'effusion', 'and', 'normal', 'pulmonary', 'vasculature']"
petct evaluation with 18 ffluorodeoxyglucose showing in axial a and sagittal b planes high fdg uptake in pathological tissue located in pelvis,435ffc1ebe92ac16fe0c26cb470c754a945e2df1_4-Figure7-1.png,"['petct', 'evaluation', 'with', '18', 'ffluorodeoxyglucose', 'showing', 'in', 'axial', 'a', 'and', 'sagittal', 'b', 'planes', 'high', 'fdg', 'uptake', 'in', 'pathological', 'tissue', 'located', 'in', 'pelvis']"
magnetic resonance angiography mra and highresolution magnetic resonance imaging hrmri results of a 68yearold male patient with acute cerebral infarction a mra revealed stenosis of the m1 segment of the left middle cerebral artery b diffusionweighted imaging revealed a patchy high signal in the left centrum semiovale and c hrmri,69b65ea54b9ee550298ca538860433ae1dbabcd8_4-Figure2-1.png,"['magnetic', 'resonance', 'angiography', 'mra', 'and', 'highresolution', 'magnetic', 'resonance', 'imaging', 'hrmri', 'results', 'of', 'a', '68yearold', 'male', 'patient', 'with', 'acute', 'cerebral', 'infarction', 'a', 'mra', 'revealed', 'stenosis', 'of', 'the', 'm1', 'segment', 'of', 'the', 'left', 'middle', 'cerebral', 'artery', 'b', 'diffusionweighted', 'imaging', 'revealed', 'a', 'patchy', 'high', 'signal', 'in', 'the', 'left', 'centrum', 'semiovale', 'and', 'c', 'hrmri']"
scanning electron micrographs showing the effects of infection with c trachomatis strain ni 1 on the epithelial surface of the mouse oviduct twenty control or infected oviducts were examined a normal uninfected oviduct showing ciliated and nonciliated epithelium the bar represents 20 pm b the lumenal epithelium of the oviduct 15 d after intrauterine infection with c  trachomatis strain ni 1 note the denudation of the ciliated epithelium and the presence of surface debris the bar represents 20 pm c transverse section of murine oviduct 15 d after intrauterine infection with chlamydiae showing blockage of the lumen with cellular debris the bar represents 50 pm 6 transverse section of an oviduct with hydrosalpinx 27 d after intrauterine infection with c trachomatis strain n i 1 the bar represents 05 mm,1fd8ba348d4578f5e86e6eb30946e409a9a5ac73_4-Figure1-1.png,"['scanning', 'electron', 'micrographs', 'showing', 'the', 'effects', 'of', 'infection', 'with', 'c', 'trachomatis', 'strain', 'ni', '1', 'on', 'the', 'epithelial', 'surface', 'of', 'the', 'mouse', 'oviduct', 'twenty', 'control', 'or', 'infected', 'oviducts', 'were', 'examined', 'a', 'normal', 'uninfected', 'oviduct', 'showing', 'ciliated', 'and', 'nonciliated', 'epithelium', 'the', 'bar', 'represents', '20', 'pm', 'b', 'the', 'lumenal', 'epithelium', 'of', 'the', 'oviduct', '15', 'd', 'after', 'intrauterine', 'infection', 'with', 'c', 'trachomatis', 'strain', 'ni', '1', 'note', 'the', 'denudation', 'of', 'the', 'ciliated', 'epithelium', 'and', 'the', 'presence', 'of', 'surface', 'debris', 'the', 'bar', 'represents', '20', 'pm', 'c', 'transverse', 'section', 'of', 'murine', 'oviduct', '15', 'd', 'after', 'intrauterine', 'infection', 'with', 'chlamydiae', 'showing', 'blockage', 'of', 'the', 'lumen', 'with', 'cellular', 'debris', 'the', 'bar', 'represents', '50', 'pm', '6', 'transverse', 'section', 'of', 'an', 'oviduct', 'with', 'hydrosalpinx', '27', 'd', 'after', 'intrauterine', 'infection', 'with', 'c', 'trachomatis', 'strain', 'n', 'i', '1', 'the', 'bar', 'represents', '05', 'mm']"
a a 59yearold female patient having pain with a history of breast cancer the t1w fat sat post contrast shows circumscribed gadolinium enhancement suspicious of metastasis b the computed tomography ct scan could identify the fracture line,1876c91f0de2ca18293d4458ed419be9631bdcf9_2-Figure1-1.png,"['a', 'a', '59yearold', 'female', 'patient', 'having', 'pain', 'with', 'a', 'history', 'of', 'breast', 'cancer', 'the', 't1w', 'fat', 'sat', 'post', 'contrast', 'shows', 'circumscribed', 'gadolinium', 'enhancement', 'suspicious', 'of', 'metastasis', 'b', 'the', 'computed', 'tomography', 'ct', 'scan', 'could', 'identify', 'the', 'fracture', 'line']"
a computed tomography scan with the right lung tumour b the loss of contrast in the left atrium and thickening of the pulmonary vein c transoesophageal echocardiography  grey arrow shows intracardiac part of the tumour d radiography after right lower lobectomy,07dc7c8f0744079f5a1ae3f42e183cba4ff3e50d_2-Figure1-1.png,"['a', 'computed', 'tomography', 'scan', 'with', 'the', 'right', 'lung', 'tumour', 'b', 'the', 'loss', 'of', 'contrast', 'in', 'the', 'left', 'atrium', 'and', 'thickening', 'of', 'the', 'pulmonary', 'vein', 'c', 'transoesophageal', 'echocardiography', 'grey', 'arrow', 'shows', 'intracardiac', 'part', 'of', 'the', 'tumour', 'd', 'radiography', 'after', 'right', 'lower', 'lobectomy']"
abdominopelvic computed tomography a posterior wall enhance shown at terminal ileum on abdominal computed tomography arrow b r arrow,8ecf5374ac2a7c01825283617695dafd102f751e_2-Figure2-1.png,"['abdominopelvic', 'computed', 'tomography', 'a', 'posterior', 'wall', 'enhance', 'shown', 'at', 'terminal', 'ileum', 'on', 'abdominal', 'computed', 'tomography', 'arrow', 'b', 'r', 'arrow']"
striosomedendron bouquets resolved with confocal microscopy and proexm a and b confocal images of snc neurons and their ventrally extending dendrites red and striosomal axons green in the caldaggefiigfp a n  9 sections from 3 animals and p172mcitrine b n  12 sections from 3 animals striosome lines tightly entwined striosomal and dopaminergic fibers in dendrons appear mainly yellow cf proexm imaging of the bouquet shown in b resolves individual striosomal fibers green and dendrites red in a longitudinal view c and in crosssections at three levels df corresponding to the lines drawn in c similar results were obtained with proexm in the caldaggefiigfp line fig s2 the scale bar in b indicates the dimension of the unexpanded tissue and the scale bars in c and d indicate the dimension of the expanded tissue,3f12241e85caed91fb6ec3e07199ea78bbf20ea8_3-Figure2-1.png,"['striosomedendron', 'bouquets', 'resolved', 'with', 'confocal', 'microscopy', 'and', 'proexm', 'a', 'and', 'b', 'confocal', 'images', 'of', 'snc', 'neurons', 'and', 'their', 'ventrally', 'extending', 'dendrites', 'red', 'and', 'striosomal', 'axons', 'green', 'in', 'the', 'caldaggefiigfp', 'a', 'n', '9', 'sections', 'from', '3', 'animals', 'and', 'p172mcitrine', 'b', 'n', '12', 'sections', 'from', '3', 'animals', 'striosome', 'lines', 'tightly', 'entwined', 'striosomal', 'and', 'dopaminergic', 'fibers', 'in', 'dendrons', 'appear', 'mainly', 'yellow', 'cf', 'proexm', 'imaging', 'of', 'the', 'bouquet', 'shown', 'in', 'b', 'resolves', 'individual', 'striosomal', 'fibers', 'green', 'and', 'dendrites', 'red', 'in', 'a', 'longitudinal', 'view', 'c', 'and', 'in', 'crosssections', 'at', 'three', 'levels', 'df', 'corresponding', 'to', 'the', 'lines', 'drawn', 'in', 'c', 'similar', 'results', 'were', 'obtained', 'with', 'proexm', 'in', 'the', 'caldaggefiigfp', 'line', 'fig', 's2', 'the', 'scale', 'bar', 'in', 'b', 'indicates', 'the', 'dimension', 'of', 'the', 'unexpanded', 'tissue', 'and', 'the', 'scale', 'bars', 'in', 'c', 'and', 'd', 'indicate', 'the', 'dimension', 'of', 'the', 'expanded', 'tissue']"
a 67 yearold patient with a squamous cell carcinoma of the inner nose recurrence after primary radiotherapy 1 year earlier b the ct shows widespread infiltration c intraoperative situation following tumour resection d an epiplating nasal plate is inserted on the right the tapped holes are secured with blue covering screws open wound areas are covered with split thickness skin transplants,370b9b31a688388d116072780c1f9d05a5585902_8-Figure9-1.png,"['a', '67', 'yearold', 'patient', 'with', 'a', 'squamous', 'cell', 'carcinoma', 'of', 'the', 'inner', 'nose', 'recurrence', 'after', 'primary', 'radiotherapy', '1', 'year', 'earlier', 'b', 'the', 'ct', 'shows', 'widespread', 'infiltration', 'c', 'intraoperative', 'situation', 'following', 'tumour', 'resection', 'd', 'an', 'epiplating', 'nasal', 'plate', 'is', 'inserted', 'on', 'the', 'right', 'the', 'tapped', 'holes', 'are', 'secured', 'with', 'blue', 'covering', 'screws', 'open', 'wound', 'areas', 'are', 'covered', 'with', 'split', 'thickness', 'skin', 'transplants']"
serial mris the initial set of mris showed t2 hyperintensity and some contrast enhancement in the bilateral internal capsules a b eight months later a second set of mris showed new enhancing lesions in the bilateral basal ganglia c d eleven months after initial presentation the right basal ganglia lesion appeared to grow whereas the lesion in the left basal ganglia diminished e f in the final set of mri 15 months after initial presentation the right basal ganglia lesion was unchanged not shown and a new enhancing mass appeared in the left middle cerebellar peduncle h c  contrast,1f1eb7d296de41f419d197007c0f35801a7f0049_2-Figure1-1.png,"['serial', 'mris', 'the', 'initial', 'set', 'of', 'mris', 'showed', 't2', 'hyperintensity', 'and', 'some', 'contrast', 'enhancement', 'in', 'the', 'bilateral', 'internal', 'capsules', 'a', 'b', 'eight', 'months', 'later', 'a', 'second', 'set', 'of', 'mris', 'showed', 'new', 'enhancing', 'lesions', 'in', 'the', 'bilateral', 'basal', 'ganglia', 'c', 'd', 'eleven', 'months', 'after', 'initial', 'presentation', 'the', 'right', 'basal', 'ganglia', 'lesion', 'appeared', 'to', 'grow', 'whereas', 'the', 'lesion', 'in', 'the', 'left', 'basal', 'ganglia', 'diminished', 'e', 'f', 'in', 'the', 'final', 'set', 'of', 'mri', '15', 'months', 'after', 'initial', 'presentation', 'the', 'right', 'basal', 'ganglia', 'lesion', 'was', 'unchanged', 'not', 'shown', 'and', 'a', 'new', 'enhancing', 'mass', 'appeared', 'in', 'the', 'left', 'middle', 'cerebellar', 'peduncle', 'h', 'c', 'contrast']"
postoperative imaging showing osteochondral allograft union into the hillsachs lesion,b94b915809726ef657a9c3488a598a26da2aa79a_8-Figure7-1.png,"['postoperative', 'imaging', 'showing', 'osteochondral', 'allograft', 'union', 'into', 'the', 'hillsachs', 'lesion']"
at 6 month followup periods midsagittal image and anterior 13 coronal computed tomography images of 19 of group i and 43 of group ii were assessed by the authors own method grade i is almost no bone formation grade ii is bone formation of less than 50 of grated zone grade iii is bone formation of more than 50 but incomplete continuity of bone mass and grade iv is diffuse and continuous bone formation,8c489243e45bf22d8f6b690ea7b1578aede18d78_3-Figure3-1.png,"['at', '6', 'month', 'followup', 'periods', 'midsagittal', 'image', 'and', 'anterior', '13', 'coronal', 'computed', 'tomography', 'images', 'of', '19', 'of', 'group', 'i', 'and', '43', 'of', 'group', 'ii', 'were', 'assessed', 'by', 'the', 'authors', 'own', 'method', 'grade', 'i', 'is', 'almost', 'no', 'bone', 'formation', 'grade', 'ii', 'is', 'bone', 'formation', 'of', 'less', 'than', '50', 'of', 'grated', 'zone', 'grade', 'iii', 'is', 'bone', 'formation', 'of', 'more', 'than', '50', 'but', 'incomplete', 'continuity', 'of', 'bone', 'mass', 'and', 'grade', 'iv', 'is', 'diffuse', 'and', 'continuous', 'bone', 'formation']"
a computed tomography angiography expressed by maximum intensive projection and b left subclavian venography showed a serpentine systemic venous channel draining from the left subclavian vein vertical white arrow into the bilateral upper pulmonary veins horizontal white arrows implying the presence of the levoatriocardinal vein black arrow c transvenous coil occlusion was performed through the left brachial vein using a coaxial delivery system illustrated as a triple concentric circle in the right upper corner d after the transvenous coaxial coil occlusion the followup left subclavian venography showed complete occlusion of the levoatriocardinal vein,66f63c12589221dc7990610c952670339be15a30_1-Figure1-1.png,"['a', 'computed', 'tomography', 'angiography', 'expressed', 'by', 'maximum', 'intensive', 'projection', 'and', 'b', 'left', 'subclavian', 'venography', 'showed', 'a', 'serpentine', 'systemic', 'venous', 'channel', 'draining', 'from', 'the', 'left', 'subclavian', 'vein', 'vertical', 'white', 'arrow', 'into', 'the', 'bilateral', 'upper', 'pulmonary', 'veins', 'horizontal', 'white', 'arrows', 'implying', 'the', 'presence', 'of', 'the', 'levoatriocardinal', 'vein', 'black', 'arrow', 'c', 'transvenous', 'coil', 'occlusion', 'was', 'performed', 'through', 'the', 'left', 'brachial', 'vein', 'using', 'a', 'coaxial', 'delivery', 'system', 'illustrated', 'as', 'a', 'triple', 'concentric', 'circle', 'in', 'the', 'right', 'upper', 'corner', 'd', 'after', 'the', 'transvenous', 'coaxial', 'coil', 'occlusion', 'the', 'followup', 'left', 'subclavian', 'venography', 'showed', 'complete', 'occlusion', 'of', 'the', 'levoatriocardinal', 'vein']"
identification of myh7 mutation and clinical characteristics a pedigree of the reported family the proband iii15 indicated by the arrow carries the c51865188delaga pk1729del mutation subjects iii7 iii9 iii13 and iv15 all tested positive for the mutation filled symbols indicate affected members of the family arrowheads point to those tested for the mutation b t1weighted mri of the upper thighs of index patient iii15 shows atrophy and fatty replacement of quadriceps and rectus femoris with sparing of the abductors hamstring and right vastus intermedius and vastus medialis an arrow points to an area of atrophy and fatty replacement c selected physical findings from subjects with myh7 mutation clockwise from top left iii13 has significant calf hypertrophy iii9 displays anterior compartment atrophy quadriceps atrophy is also observed in iii7 iii9 showing limited wrist extension due to weakness of the extensor compartment of the arm the hanging big toe sign was observed in all patients in this image the foot of iv15 is shown,a52848babb2d53919b9226f5a12eb8b5f7ffe75d_2-Figure1-1.png,"['identification', 'of', 'myh7', 'mutation', 'and', 'clinical', 'characteristics', 'a', 'pedigree', 'of', 'the', 'reported', 'family', 'the', 'proband', 'iii15', 'indicated', 'by', 'the', 'arrow', 'carries', 'the', 'c51865188delaga', 'pk1729del', 'mutation', 'subjects', 'iii7', 'iii9', 'iii13', 'and', 'iv15', 'all', 'tested', 'positive', 'for', 'the', 'mutation', 'filled', 'symbols', 'indicate', 'affected', 'members', 'of', 'the', 'family', 'arrowheads', 'point', 'to', 'those', 'tested', 'for', 'the', 'mutation', 'b', 't1weighted', 'mri', 'of', 'the', 'upper', 'thighs', 'of', 'index', 'patient', 'iii15', 'shows', 'atrophy', 'and', 'fatty', 'replacement', 'of', 'quadriceps', 'and', 'rectus', 'femoris', 'with', 'sparing', 'of', 'the', 'abductors', 'hamstring', 'and', 'right', 'vastus', 'intermedius', 'and', 'vastus', 'medialis', 'an', 'arrow', 'points', 'to', 'an', 'area', 'of', 'atrophy', 'and', 'fatty', 'replacement', 'c', 'selected', 'physical', 'findings', 'from', 'subjects', 'with', 'myh7', 'mutation', 'clockwise', 'from', 'top', 'left', 'iii13', 'has', 'significant', 'calf', 'hypertrophy', 'iii9', 'displays', 'anterior', 'compartment', 'atrophy', 'quadriceps', 'atrophy', 'is', 'also', 'observed', 'in', 'iii7', 'iii9', 'showing', 'limited', 'wrist', 'extension', 'due', 'to', 'weakness', 'of', 'the', 'extensor', 'compartment', 'of', 'the', 'arm', 'the', 'hanging', 'big', 'toe', 'sign', 'was', 'observed', 'in', 'all', 'patients', 'in', 'this', 'image', 'the', 'foot', 'of', 'iv15', 'is', 'shown']"
a 25year old male non b non c cirrhosis a pulsed doppler image short gastric vein arrows had a continuous wave with hepatofugal flow direction b color doppler image the stomach was demonstrated through the spleen arrows short gastric vein arrowheads gastric varices c endoscopic finding the patient had mediumgrade gastric fundal varices,632edf102a79846ffefddc944a1c895af90d6844_3-Figure3-1.png,"['a', '25year', 'old', 'male', 'non', 'b', 'non', 'c', 'cirrhosis', 'a', 'pulsed', 'doppler', 'image', 'short', 'gastric', 'vein', 'arrows', 'had', 'a', 'continuous', 'wave', 'with', 'hepatofugal', 'flow', 'direction', 'b', 'color', 'doppler', 'image', 'the', 'stomach', 'was', 'demonstrated', 'through', 'the', 'spleen', 'arrows', 'short', 'gastric', 'vein', 'arrowheads', 'gastric', 'varices', 'c', 'endoscopic', 'finding', 'the', 'patient', 'had', 'mediumgrade', 'gastric', 'fundal', 'varices']"
systemic lupus erythematosusa pa chest radiograph reveals prominence of the cardiac shadow echocardiography confirmed a moderatesized pericardial effusion also note the large left pleural effusion,3d9336283d6c34a4016d3e28f4505ca1db781373_14-Figure10-1.png,"['systemic', 'lupus', 'erythematosusa', 'pa', 'chest', 'radiograph', 'reveals', 'prominence', 'of', 'the', 'cardiac', 'shadow', 'echocardiography', 'confirmed', 'a', 'moderatesized', 'pericardial', 'effusion', 'also', 'note', 'the', 'large', 'left', 'pleural', 'effusion']"
a wideangle xray scattering data for a xerogel obtained by drying a sample of 5 prepared originally at a concentration of 40 mm in cdcl3 scanning electron micrographs of a xerogel obtained by drying a sample of 5 prepared in cdcl3 at 40 mm magnification increases from b 2500 through c 10000 to d 40000,47e05ded2dc195cec1a33a82e520edd44f5f54ba_3-Figure3-1.png,"['a', 'wideangle', 'xray', 'scattering', 'data', 'for', 'a', 'xerogel', 'obtained', 'by', 'drying', 'a', 'sample', 'of', '5', 'prepared', 'originally', 'at', 'a', 'concentration', 'of', '40', 'mm', 'in', 'cdcl3', 'scanning', 'electron', 'micrographs', 'of', 'a', 'xerogel', 'obtained', 'by', 'drying', 'a', 'sample', 'of', '5', 'prepared', 'in', 'cdcl3', 'at', '40', 'mm', 'magnification', 'increases', 'from', 'b', '2500', 'through', 'c', '10000', 'to', 'd', '40000']"
manual alignment of two sdoct en face images a reference sdoct en face image and b subsequent sdoct en face image c scan registered to the reference,ca9aacf4e239a1f64be76c880c7a384138834db3_2-Figure2-1.png,"['manual', 'alignment', 'of', 'two', 'sdoct', 'en', 'face', 'images', 'a', 'reference', 'sdoct', 'en', 'face', 'image', 'and', 'b', 'subsequent', 'sdoct', 'en', 'face', 'image', 'c', 'scan', 'registered', 'to', 'the', 'reference']"
t2weighted brain mri shows increased signal intensity in both globus pallidus a and left midbrain adjacent substantia nigra b,c9174a4546aa5c6b924bb122ebc9dc02c54c9e82_2-Figure1-1.png,"['t2weighted', 'brain', 'mri', 'shows', 'increased', 'signal', 'intensity', 'in', 'both', 'globus', 'pallidus', 'a', 'and', 'left', 'midbrain', 'adjacent', 'substantia', 'nigra', 'b']"
sonography and magnetic resonance imaging revealed irregular spiculated mass in left breast,25cec1a0230e31a47c9221ebea803642f7c35603_2-Figure1-1.png,"['sonography', 'and', 'magnetic', 'resonance', 'imaging', 'revealed', 'irregular', 'spiculated', 'mass', 'in', 'left', 'breast']"
this 21yearold girl received two renal transplants the first two years and the second 18 months before her death a skeletal survey showed no abnormality but at necropsy there was an extensive area of medullary necrosis in the lower end of the left femur andjuxtaarticular lesions in both femoral heads the area of necrosis was outlined by congested marrow but there was no surrounding bony reaction and no abnormality in the slab radiograph,702e4ef5a0cfb6c0f5b85ac3db8594b807b2bb9f_5-Figure6-1.png,"['this', '21yearold', 'girl', 'received', 'two', 'renal', 'transplants', 'the', 'first', 'two', 'years', 'and', 'the', 'second', '18', 'months', 'before', 'her', 'death', 'a', 'skeletal', 'survey', 'showed', 'no', 'abnormality', 'but', 'at', 'necropsy', 'there', 'was', 'an', 'extensive', 'area', 'of', 'medullary', 'necrosis', 'in', 'the', 'lower', 'end', 'of', 'the', 'left', 'femur', 'andjuxtaarticular', 'lesions', 'in', 'both', 'femoral', 'heads', 'the', 'area', 'of', 'necrosis', 'was', 'outlined', 'by', 'congested', 'marrow', 'but', 'there', 'was', 'no', 'surrounding', 'bony', 'reaction', 'and', 'no', 'abnormality', 'in', 'the', 'slab', 'radiograph']"
multislice computed tomography msct demostrated a mass of 53 mm  35 mm  50 mm located on the upperposterior wall of the urinary bladder white arrow,b468e8bcb1bd75e4a8587dd70d571676e8c3a75c_2-Figure1-1.png,"['multislice', 'computed', 'tomography', 'msct', 'demostrated', 'a', 'mass', 'of', '53', 'mm', '35', 'mm', '50', 'mm', 'located', 'on', 'the', 'upperposterior', 'wall', 'of', 'the', 'urinary', 'bladder', 'white', 'arrow']"
contrast enhanced computed tomography scan showed welldefined lobulated lesion with coarse calcification arising from the skinsubcutaneous tissue with suspicious parotid involvement,6abc623282a425e3bcc3c7dd9f9cbc27e8a4fb89_2-Figure2-1.png,"['contrast', 'enhanced', 'computed', 'tomography', 'scan', 'showed', 'welldefined', 'lobulated', 'lesion', 'with', 'coarse', 'calcification', 'arising', 'from', 'the', 'skinsubcutaneous', 'tissue', 'with', 'suspicious', 'parotid', 'involvement']"
lung ct scan images showing a mass lesion with irregular contours with extensive pleural deployment and bronchial involvement,ec34121b39125302455c8287952e2f91900e7248_2-Figure2-1.png,"['lung', 'ct', 'scan', 'images', 'showing', 'a', 'mass', 'lesion', 'with', 'irregular', 'contours', 'with', 'extensive', 'pleural', 'deployment', 'and', 'bronchial', 'involvement']"
1 preoperative radiograph showing complete collapse of the right upper lobe,8b7e9a5e9755bc7046bb15a44d97d793028ef0d3_5-Figure6-1.png,"['1', 'preoperative', 'radiograph', 'showing', 'complete', 'collapse', 'of', 'the', 'right', 'upper', 'lobe']"
space filling models show infection voids the need for threedimensional 3d imaging is made clear when comparing tumors from multiple animals ad immunohistochemical staining of tumors shows extensive vesicular stomatitis virus vsv infection antivsv green throughout the tumor hoechst blue be singular microspect computed tomography ct planes taken at the same relative position within the same tumors as those stained in ad show similar distribution relative to each other top but different planes through the same tumors at another location show different distributions cf 3d space filling allows differences in distribution to be clearly appreciated where tumor on top has decreased voids compared to tumor on bottom,3c6af2ed730b07a0facfcefa992d9776c5f7e38f_5-Figure4-1.png,"['space', 'filling', 'models', 'show', 'infection', 'voids', 'the', 'need', 'for', 'threedimensional', '3d', 'imaging', 'is', 'made', 'clear', 'when', 'comparing', 'tumors', 'from', 'multiple', 'animals', 'ad', 'immunohistochemical', 'staining', 'of', 'tumors', 'shows', 'extensive', 'vesicular', 'stomatitis', 'virus', 'vsv', 'infection', 'antivsv', 'green', 'throughout', 'the', 'tumor', 'hoechst', 'blue', 'be', 'singular', 'microspect', 'computed', 'tomography', 'ct', 'planes', 'taken', 'at', 'the', 'same', 'relative', 'position', 'within', 'the', 'same', 'tumors', 'as', 'those', 'stained', 'in', 'ad', 'show', 'similar', 'distribution', 'relative', 'to', 'each', 'other', 'top', 'but', 'different', 'planes', 'through', 'the', 'same', 'tumors', 'at', 'another', 'location', 'show', 'different', 'distributions', 'cf', '3d', 'space', 'filling', 'allows', 'differences', 'in', 'distribution', 'to', 'be', 'clearly', 'appreciated', 'where', 'tumor', 'on', 'top', 'has', 'decreased', 'voids', 'compared', 'to', 'tumor', 'on', 'bottom']"
a ct scan of a patient in treatment with sorafenib showed in the left lung multiple ground glass nodules in the posterior segment of superior lobe b ct image in the same patient after 4week withdrawal from chemotherapeutic agent demonstrating the disappearance of the nodules,93236dad25d9af10fdf166b680cbc943de1df936_8-Figure2-1.png,"['a', 'ct', 'scan', 'of', 'a', 'patient', 'in', 'treatment', 'with', 'sorafenib', 'showed', 'in', 'the', 'left', 'lung', 'multiple', 'ground', 'glass', 'nodules', 'in', 'the', 'posterior', 'segment', 'of', 'superior', 'lobe', 'b', 'ct', 'image', 'in', 'the', 'same', 'patient', 'after', '4week', 'withdrawal', 'from', 'chemotherapeutic', 'agent', 'demonstrating', 'the', 'disappearance', 'of', 'the', 'nodules']"
images for patient 1 in two axial planes two coronal planes and two sagittal planes ptv66 green and red ptv54 blue right and left parotids pink spinal cord yellow brain stem cyan and larynx light brown also overlain on the images are isodose lines for the plan with 9 imbs and 3 ils 726 gy red 66 gy magenta 54 gy yellow 45 gy green and 30 gy blue,11a659da21cf6af33c6561a87c500ecefaea40ce_3-Figure1-1.png,"['images', 'for', 'patient', '1', 'in', 'two', 'axial', 'planes', 'two', 'coronal', 'planes', 'and', 'two', 'sagittal', 'planes', 'ptv66', 'green', 'and', 'red', 'ptv54', 'blue', 'right', 'and', 'left', 'parotids', 'pink', 'spinal', 'cord', 'yellow', 'brain', 'stem', 'cyan', 'and', 'larynx', 'light', 'brown', 'also', 'overlain', 'on', 'the', 'images', 'are', 'isodose', 'lines', 'for', 'the', 'plan', 'with', '9', 'imbs', 'and', '3', 'ils', '726', 'gy', 'red', '66', 'gy', 'magenta', '54', 'gy', 'yellow', '45', 'gy', 'green', 'and', '30', 'gy', 'blue']"
ct scan demonstrating distribution of calcium on the aortic valve,5daec55e4abd9cfa377401547c4a9f80a3e5006b_2-Figure1-1.png,"['ct', 'scan', 'demonstrating', 'distribution', 'of', 'calcium', 'on', 'the', 'aortic', 'valve']"
chest xray patient 4 showing cavitation within areas ofpulmonary consoltdatwon arrowed typical ofwg,bfae024a9e6d13771355d373655f701bf0ef10ac_4-Figure6-1.png,"['chest', 'xray', 'patient', '4', 'showing', 'cavitation', 'within', 'areas', 'ofpulmonary', 'consoltdatwon', 'arrowed', 'typical', 'ofwg']"
case 1 17 months old girl presenting with opsoclonusmyoclonus syndrome wholebody i123mibg scintigraphy with 60 mbq i123mibg did not reveal any pathological tracer uptake a wbmri revealed a solid leftsided paravertebral mass extending to the correlated neuroforamina white arrow at the level of thoracic vertebrae t 910 with signal hyperintensity in t2 weighted turboinversion recoverymagnitude tirm sequences b in diffusion weighted imaging correlated restricted diffusion could be detected with low adc c and d and strong enhancement with hyperintensity could be detected in the t1 weighted sequence after the administration of 2 ml gadolinium compound e and f l  liver s  spleen,edeaa173b15ab1531baaa6e60b05393caf05bed9_3-Figure1-1.png,"['case', '1', '17', 'months', 'old', 'girl', 'presenting', 'with', 'opsoclonusmyoclonus', 'syndrome', 'wholebody', 'i123mibg', 'scintigraphy', 'with', '60', 'mbq', 'i123mibg', 'did', 'not', 'reveal', 'any', 'pathological', 'tracer', 'uptake', 'a', 'wbmri', 'revealed', 'a', 'solid', 'leftsided', 'paravertebral', 'mass', 'extending', 'to', 'the', 'correlated', 'neuroforamina', 'white', 'arrow', 'at', 'the', 'level', 'of', 'thoracic', 'vertebrae', 't', '910', 'with', 'signal', 'hyperintensity', 'in', 't2', 'weighted', 'turboinversion', 'recoverymagnitude', 'tirm', 'sequences', 'b', 'in', 'diffusion', 'weighted', 'imaging', 'correlated', 'restricted', 'diffusion', 'could', 'be', 'detected', 'with', 'low', 'adc', 'c', 'and', 'd', 'and', 'strong', 'enhancement', 'with', 'hyperintensity', 'could', 'be', 'detected', 'in', 'the', 't1', 'weighted', 'sequence', 'after', 'the', 'administration', 'of', '2', 'ml', 'gadolinium', 'compound', 'e', 'and', 'f', 'l', 'liver', 's', 'spleen']"
mri of achilles tendon,11e5de08a05492975e55464cfdeda026b74386a7_2-Figure2-1.png,"['mri', 'of', 'achilles', 'tendon']"
mri scan showing abnormal signal return on t2 and 13 while not every control subject performed every task possible lowintensity lesion in t1 in the lateral part of the basal five subjects performed at least two of the theory of mindnuclei of the left amygdala tasks and seven executive functions tasks and eight subjects performed at least three theory of mind tasks and two executive functions tasks on seven of the 16 executivereturn the scan is consistent with a dysembryonablastic functions tasks standardized data were used as theneuroepithelial tumour of long standing or of congenital comparison all control subjects gave informed consentorigin,4fdc262621b3904d790c1d675a0050897d68c47e_4-Figure1-1.png,"['mri', 'scan', 'showing', 'abnormal', 'signal', 'return', 'on', 't2', 'and', '13', 'while', 'not', 'every', 'control', 'subject', 'performed', 'every', 'task', 'possible', 'lowintensity', 'lesion', 'in', 't1', 'in', 'the', 'lateral', 'part', 'of', 'the', 'basal', 'five', 'subjects', 'performed', 'at', 'least', 'two', 'of', 'the', 'theory', 'of', 'mindnuclei', 'of', 'the', 'left', 'amygdala', 'tasks', 'and', 'seven', 'executive', 'functions', 'tasks', 'and', 'eight', 'subjects', 'performed', 'at', 'least', 'three', 'theory', 'of', 'mind', 'tasks', 'and', 'two', 'executive', 'functions', 'tasks', 'on', 'seven', 'of', 'the', '16', 'executivereturn', 'the', 'scan', 'is', 'consistent', 'with', 'a', 'dysembryonablastic', 'functions', 'tasks', 'standardized', 'data', 'were', 'used', 'as', 'theneuroepithelial', 'tumour', 'of', 'long', 'standing', 'or', 'of', 'congenital', 'comparison', 'all', 'control', 'subjects', 'gave', 'informed', 'consentorigin']"
axial ct image showing bilateral pneumatization of the anterior clinoid processes arrow and bilateral optic nerves on inside sphenoid sinus ss,e73e38975461b61ebdc4ef00f9c15bce503304e5_3-Figure3-1.png,"['axial', 'ct', 'image', 'showing', 'bilateral', 'pneumatization', 'of', 'the', 'anterior', 'clinoid', 'processes', 'arrow', 'and', 'bilateral', 'optic', 'nerves', 'on', 'inside', 'sphenoid', 'sinus', 'ss']"
cryofib milling and cryoet of c elegans a scanning em sem image of an adult c elegans worm that has been vitrified by highpressure freezing using 2methylpentane as freezing medium scale bar 10 m b a lamella of the adult worm arrowheads shown in a produced by cryofib milling scale bar 2 m c a slice through a tomogram of a fibmilled c elegans embryo here the plasma membrane green arrow mitochondria yellow arrows m ribosomes blue arrow and the nuclear envelope orange arrow can be seen scale bar 100 nm d an example of a rendering of another tomogram acquired on a c elegans embryo lamella shown here are the plasma membrane dark blue nuclear envelope pink ribosomes gold npcs blue and filamentous structures near the inner nuclear membrane green modified with permission from harapin et al 2015,3c6751405a2986b31c4f8bee8c77f117425b3cbb_5-Figure5-1.png,"['cryofib', 'milling', 'and', 'cryoet', 'of', 'c', 'elegans', 'a', 'scanning', 'em', 'sem', 'image', 'of', 'an', 'adult', 'c', 'elegans', 'worm', 'that', 'has', 'been', 'vitrified', 'by', 'highpressure', 'freezing', 'using', '2methylpentane', 'as', 'freezing', 'medium', 'scale', 'bar', '10', 'm', 'b', 'a', 'lamella', 'of', 'the', 'adult', 'worm', 'arrowheads', 'shown', 'in', 'a', 'produced', 'by', 'cryofib', 'milling', 'scale', 'bar', '2', 'm', 'c', 'a', 'slice', 'through', 'a', 'tomogram', 'of', 'a', 'fibmilled', 'c', 'elegans', 'embryo', 'here', 'the', 'plasma', 'membrane', 'green', 'arrow', 'mitochondria', 'yellow', 'arrows', 'm', 'ribosomes', 'blue', 'arrow', 'and', 'the', 'nuclear', 'envelope', 'orange', 'arrow', 'can', 'be', 'seen', 'scale', 'bar', '100', 'nm', 'd', 'an', 'example', 'of', 'a', 'rendering', 'of', 'another', 'tomogram', 'acquired', 'on', 'a', 'c', 'elegans', 'embryo', 'lamella', 'shown', 'here', 'are', 'the', 'plasma', 'membrane', 'dark', 'blue', 'nuclear', 'envelope', 'pink', 'ribosomes', 'gold', 'npcs', 'blue', 'and', 'filamentous', 'structures', 'near', 'the', 'inner', 'nuclear', 'membrane', 'green', 'modified', 'with', 'permission', 'from', 'harapin', 'et', 'al', '2015']"
a contrastenhanced ct images show the tumor encircles the esophagus arrow b the descending aorta is compressed by the tumor asterisk c tracheal oppression by the tumor is presented on ct scan triangle ctcomputed tomography,005e7a4714020b893a08d62e784de74353a11da7_2-Figure2-1.png,"['a', 'contrastenhanced', 'ct', 'images', 'show', 'the', 'tumor', 'encircles', 'the', 'esophagus', 'arrow', 'b', 'the', 'descending', 'aorta', 'is', 'compressed', 'by', 'the', 'tumor', 'asterisk', 'c', 'tracheal', 'oppression', 'by', 'the', 'tumor', 'is', 'presented', 'on', 'ct', 'scan', 'triangle', 'ctcomputed', 'tomography']"
abdominal ct in aip a parenchymal phase the pancreatic parenchyma shows irregularly reduced enhancement the marginal zone of the pancreas shows capsulelike rim with more reduced enhancement arrows b delayed phase the enhancement in the parenchyma and capsulelike rim become stronger in the delayed phasearrows,20fb1ccf1f2fe71276ce2a579261c90abcfd88b6_7-Figure2-1.png,"['abdominal', 'ct', 'in', 'aip', 'a', 'parenchymal', 'phase', 'the', 'pancreatic', 'parenchyma', 'shows', 'irregularly', 'reduced', 'enhancement', 'the', 'marginal', 'zone', 'of', 'the', 'pancreas', 'shows', 'capsulelike', 'rim', 'with', 'more', 'reduced', 'enhancement', 'arrows', 'b', 'delayed', 'phase', 'the', 'enhancement', 'in', 'the', 'parenchyma', 'and', 'capsulelike', 'rim', 'become', 'stronger', 'in', 'the', 'delayed', 'phasearrows']"
ct thorax shows two superior vena cavae as indicated by red arrows,7f209b36e96e316233b4dc29b0422f53bd81ee44_1-Figure2-1.png,"['ct', 'thorax', 'shows', 'two', 'superior', 'vena', 'cavae', 'as', 'indicated', 'by', 'red', 'arrows']"
a afm image of spin coated submonolayer of cncs on tio2 5  5 m 2 scan reproduced from kontturi et al 2007 with permission from american chemical society b afm image of spin coated layer of cncs with full coverage 5  5 m2 scan reproduced from kontturi et al 2007 with permission from american chemical society c afm image of lbl deposited cnf film 15  15 m2 scan reproduced from wgberg et al 2008 with permission from american chemical society d photograph of lbl deposited cnf films of different thickness values resulting in colored structures through optical interference reproduced from wgberg et al 2008 with permission from american chemical society,2bf76f508ff76d32f8c6bab029e259406f3af08e_8-Figure9-1.png,"['a', 'afm', 'image', 'of', 'spin', 'coated', 'submonolayer', 'of', 'cncs', 'on', 'tio2', '5', '5', 'm', '2', 'scan', 'reproduced', 'from', 'kontturi', 'et', 'al', '2007', 'with', 'permission', 'from', 'american', 'chemical', 'society', 'b', 'afm', 'image', 'of', 'spin', 'coated', 'layer', 'of', 'cncs', 'with', 'full', 'coverage', '5', '5', 'm2', 'scan', 'reproduced', 'from', 'kontturi', 'et', 'al', '2007', 'with', 'permission', 'from', 'american', 'chemical', 'society', 'c', 'afm', 'image', 'of', 'lbl', 'deposited', 'cnf', 'film', '15', '15', 'm2', 'scan', 'reproduced', 'from', 'wgberg', 'et', 'al', '2008', 'with', 'permission', 'from', 'american', 'chemical', 'society', 'd', 'photograph', 'of', 'lbl', 'deposited', 'cnf', 'films', 'of', 'different', 'thickness', 'values', 'resulting', 'in', 'colored', 'structures', 'through', 'optical', 'interference', 'reproduced', 'from', 'wgberg', 'et', 'al', '2008', 'with', 'permission', 'from', 'american', 'chemical', 'society']"
44yearold woman with lowgrade dysplastic nodule that was confirmed after percutaneous biopsy in normal liver patient did not have viral infection a contrastenhanced ct scan obtained during equilibriumphase shows small hypodense nodule arrow with arterial hypovascularity data not shown in left liver two similar hypodense nodules arrowheads are noted in left liver b respiratorytriggered singleshot t2weighted mr image shows hypointense nodule arrow c gadobenate dimeglumineenhanced threehour delayed hepatobiliaryphase mr image shows discrete hypointense nodule arrow this nodule and another two nodules in left liver showed no change in size 16 months after initial ct examination,c203eeab0be753eccc7168935dc093d67b79a8b4_6-Figure9-1.png,"['44yearold', 'woman', 'with', 'lowgrade', 'dysplastic', 'nodule', 'that', 'was', 'confirmed', 'after', 'percutaneous', 'biopsy', 'in', 'normal', 'liver', 'patient', 'did', 'not', 'have', 'viral', 'infection', 'a', 'contrastenhanced', 'ct', 'scan', 'obtained', 'during', 'equilibriumphase', 'shows', 'small', 'hypodense', 'nodule', 'arrow', 'with', 'arterial', 'hypovascularity', 'data', 'not', 'shown', 'in', 'left', 'liver', 'two', 'similar', 'hypodense', 'nodules', 'arrowheads', 'are', 'noted', 'in', 'left', 'liver', 'b', 'respiratorytriggered', 'singleshot', 't2weighted', 'mr', 'image', 'shows', 'hypointense', 'nodule', 'arrow', 'c', 'gadobenate', 'dimeglumineenhanced', 'threehour', 'delayed', 'hepatobiliaryphase', 'mr', 'image', 'shows', 'discrete', 'hypointense', 'nodule', 'arrow', 'this', 'nodule', 'and', 'another', 'two', 'nodules', 'in', 'left', 'liver', 'showed', 'no', 'change', 'in', 'size', '16', 'months', 'after', 'initial', 'ct', 'examination']"
a protondensityweighted mri scan demonstrates abnormal increased signal intensity within the caudate nuclei lentiform nuclei and medial thalami b tiweighted mri scan after the administration of gadolinium demonstrates areas of contrast enhancement within the basal ganglia and intense enhancement within the habenular region c repeat protondensityweighted mri scan and d tiweighted mri scan demonstrate dramatic progressive confluent abnormal signal intensity within the deep gray matter nuclei and relative lack of involvement of the hemispheric white matter administration of gadolinium demonstrates extensive enhancement within the deep gray matter nuclei,9d3aef4ed6fe2b88427098e2c9ad9931dc016d5e_2-Figure1-1.png,"['a', 'protondensityweighted', 'mri', 'scan', 'demonstrates', 'abnormal', 'increased', 'signal', 'intensity', 'within', 'the', 'caudate', 'nuclei', 'lentiform', 'nuclei', 'and', 'medial', 'thalami', 'b', 'tiweighted', 'mri', 'scan', 'after', 'the', 'administration', 'of', 'gadolinium', 'demonstrates', 'areas', 'of', 'contrast', 'enhancement', 'within', 'the', 'basal', 'ganglia', 'and', 'intense', 'enhancement', 'within', 'the', 'habenular', 'region', 'c', 'repeat', 'protondensityweighted', 'mri', 'scan', 'and', 'd', 'tiweighted', 'mri', 'scan', 'demonstrate', 'dramatic', 'progressive', 'confluent', 'abnormal', 'signal', 'intensity', 'within', 'the', 'deep', 'gray', 'matter', 'nuclei', 'and', 'relative', 'lack', 'of', 'involvement', 'of', 'the', 'hemispheric', 'white', 'matter', 'administration', 'of', 'gadolinium', 'demonstrates', 'extensive', 'enhancement', 'within', 'the', 'deep', 'gray', 'matter', 'nuclei']"
brain magnetic resonance imaging findings a sagittal t1weighted and axial t2weighted images of patient 1 demonstrating gray matter thickening in the frontal gyri bilaterally with scattered areas of increased t2 signal intensity in the subcortical white matter consistent with polymicrogyria there is no evidence of encephalocele b sagittal t1weighted and axial t2weighted images of patient 2 demonstrating gray matter thickening in the inferior and middle frontal gyri bilaterally consistent with polymicrogyria there is no evidence of encephalocele,2e2f8e6520ff7998bc4e254d0be6088a646f8b6f_5-Figure3-1.png,"['brain', 'magnetic', 'resonance', 'imaging', 'findings', 'a', 'sagittal', 't1weighted', 'and', 'axial', 't2weighted', 'images', 'of', 'patient', '1', 'demonstrating', 'gray', 'matter', 'thickening', 'in', 'the', 'frontal', 'gyri', 'bilaterally', 'with', 'scattered', 'areas', 'of', 'increased', 't2', 'signal', 'intensity', 'in', 'the', 'subcortical', 'white', 'matter', 'consistent', 'with', 'polymicrogyria', 'there', 'is', 'no', 'evidence', 'of', 'encephalocele', 'b', 'sagittal', 't1weighted', 'and', 'axial', 't2weighted', 'images', 'of', 'patient', '2', 'demonstrating', 'gray', 'matter', 'thickening', 'in', 'the', 'inferior', 'and', 'middle', 'frontal', 'gyri', 'bilaterally', 'consistent', 'with', 'polymicrogyria', 'there', 'is', 'no', 'evidence', 'of', 'encephalocele']"
ct transverse view of the patients thorax,48f2ff065b37d4c765df1bac13b596e70424d331_3-Figure3-1.png,"['ct', 'transverse', 'view', 'of', 'the', 'patients', 'thorax']"
a a cranial ctscan showing a high intensity lesion of 7 cm in diameter in the left subcortical region bd serial chest radiographs showing progression and resolution of pulmonary infiltrates b five days after atra treatment a chest radiograph showed bilateral diffuse groundglass opacity which was prominent in the rightmiddle to lower lung fields and an enlarged cardiac silhouette c despite withdrawal of atra and administration of dexamethasone daunorubicin and cytarabine another radiograph on hospital day 6 revealed extensive consolidation d after administration of silvelestat the consolidation had almost disappeared on the following morning,bade57d9856fd66d4c338722101f5a90b0fec4a3_2-Figure1-1.png,"['a', 'a', 'cranial', 'ctscan', 'showing', 'a', 'high', 'intensity', 'lesion', 'of', '7', 'cm', 'in', 'diameter', 'in', 'the', 'left', 'subcortical', 'region', 'bd', 'serial', 'chest', 'radiographs', 'showing', 'progression', 'and', 'resolution', 'of', 'pulmonary', 'infiltrates', 'b', 'five', 'days', 'after', 'atra', 'treatment', 'a', 'chest', 'radiograph', 'showed', 'bilateral', 'diffuse', 'groundglass', 'opacity', 'which', 'was', 'prominent', 'in', 'the', 'rightmiddle', 'to', 'lower', 'lung', 'fields', 'and', 'an', 'enlarged', 'cardiac', 'silhouette', 'c', 'despite', 'withdrawal', 'of', 'atra', 'and', 'administration', 'of', 'dexamethasone', 'daunorubicin', 'and', 'cytarabine', 'another', 'radiograph', 'on', 'hospital', 'day', '6', 'revealed', 'extensive', 'consolidation', 'd', 'after', 'administration', 'of', 'silvelestat', 'the', 'consolidation', 'had', 'almost', 'disappeared', 'on', 'the', 'following', 'morning']"
differences in activation patterns dependent on evoked kcomplexes a comparison of activation for rare tones followed by a kc against rare tones not evoking a kc response axial slices are indicated with mni zcoordinates fmri data are thresholded at puncorr0001 cluster extent10 voxels b evoked potentials for the fz cz and pz derivation green frequent tones red rarewokc tones black rarekc tones surface mapping of eeg amplitudes for selected components is inserted doi101371journalpone0006749g002,5887af77fb70229ec520e8b054d814be99bf986c_6-Figure2-1.png,"['differences', 'in', 'activation', 'patterns', 'dependent', 'on', 'evoked', 'kcomplexes', 'a', 'comparison', 'of', 'activation', 'for', 'rare', 'tones', 'followed', 'by', 'a', 'kc', 'against', 'rare', 'tones', 'not', 'evoking', 'a', 'kc', 'response', 'axial', 'slices', 'are', 'indicated', 'with', 'mni', 'zcoordinates', 'fmri', 'data', 'are', 'thresholded', 'at', 'puncorr0001', 'cluster', 'extent10', 'voxels', 'b', 'evoked', 'potentials', 'for', 'the', 'fz', 'cz', 'and', 'pz', 'derivation', 'green', 'frequent', 'tones', 'red', 'rarewokc', 'tones', 'black', 'rarekc', 'tones', 'surface', 'mapping', 'of', 'eeg', 'amplitudes', 'for', 'selected', 'components', 'is', 'inserted', 'doi101371journalpone0006749g002']"
abdominal contrastenhanced ct at presentation showing a wedgeshaped hypodense area suggesting edema on precontrast ct a a patchy region with diminished enhancement in the arterial phase b and late enhancement in the equilibrium phase c suggesting the presence of hepatic venous congestion note that the edematous area on precontrast ct is smaller than the congested area on contrastenhanced ct,d8416f6c05657a9f55a19eddb78f8deb91fcf59a_4-Figure3-1.png,"['abdominal', 'contrastenhanced', 'ct', 'at', 'presentation', 'showing', 'a', 'wedgeshaped', 'hypodense', 'area', 'suggesting', 'edema', 'on', 'precontrast', 'ct', 'a', 'a', 'patchy', 'region', 'with', 'diminished', 'enhancement', 'in', 'the', 'arterial', 'phase', 'b', 'and', 'late', 'enhancement', 'in', 'the', 'equilibrium', 'phase', 'c', 'suggesting', 'the', 'presence', 'of', 'hepatic', 'venous', 'congestion', 'note', 'that', 'the', 'edematous', 'area', 'on', 'precontrast', 'ct', 'is', 'smaller', 'than', 'the', 'congested', 'area', 'on', 'contrastenhanced', 'ct']"
the hinge domains of dystrophin influence myotendinous junction structure and ringed fiber formation shown are electron microscopy images of longitudinal sections of the achilles myotendinous junctions in addition to transverse sections of gastrocnemius muscles note that expression of microdystrophin disrupted the myotendinous junctions and led to formation of ringed fibers arrow scale bar  5 mm for myotendinous junctions and 2 mm for transverse sections of gastrocnemius muscles doi101371journalpgen1000958g002,c3e38df5afc861ec7e9f5cf9da5c90bdfab99576_4-Figure2-1.png,"['the', 'hinge', 'domains', 'of', 'dystrophin', 'influence', 'myotendinous', 'junction', 'structure', 'and', 'ringed', 'fiber', 'formation', 'shown', 'are', 'electron', 'microscopy', 'images', 'of', 'longitudinal', 'sections', 'of', 'the', 'achilles', 'myotendinous', 'junctions', 'in', 'addition', 'to', 'transverse', 'sections', 'of', 'gastrocnemius', 'muscles', 'note', 'that', 'expression', 'of', 'microdystrophin', 'disrupted', 'the', 'myotendinous', 'junctions', 'and', 'led', 'to', 'formation', 'of', 'ringed', 'fibers', 'arrow', 'scale', 'bar', '5', 'mm', 'for', 'myotendinous', 'junctions', 'and', '2', 'mm', 'for', 'transverse', 'sections', 'of', 'gastrocnemius', 'muscles', 'doi101371journalpgen1000958g002']"
13yearold boy with clear cell ependymoma who grade ii a axial enhanced t1weighted image shows heterogeneous solid and cystic tumor with small enhancing portion arrows and mild peritumoral edema in peripheral portion of right parietal lobe b c axial pseudocontinuous arterial spinal labeling image b and cerebral blood flow map from dynamic susceptibility imaging c reveal increased values in enhancing tumor d signal intensitytime curve of dynamic susceptibility contrast imaging demonstrates t2dominant leakage pattern for enhancing tumor showing increased tumor blood flow region of interest 2 compared with normalappearing brain regions regions of interest 1 and 3 who  world health organization,7866137b139e7aef727ae9782e56cbedf73efd1b_7-Figure6-1.png,"['13yearold', 'boy', 'with', 'clear', 'cell', 'ependymoma', 'who', 'grade', 'ii', 'a', 'axial', 'enhanced', 't1weighted', 'image', 'shows', 'heterogeneous', 'solid', 'and', 'cystic', 'tumor', 'with', 'small', 'enhancing', 'portion', 'arrows', 'and', 'mild', 'peritumoral', 'edema', 'in', 'peripheral', 'portion', 'of', 'right', 'parietal', 'lobe', 'b', 'c', 'axial', 'pseudocontinuous', 'arterial', 'spinal', 'labeling', 'image', 'b', 'and', 'cerebral', 'blood', 'flow', 'map', 'from', 'dynamic', 'susceptibility', 'imaging', 'c', 'reveal', 'increased', 'values', 'in', 'enhancing', 'tumor', 'd', 'signal', 'intensitytime', 'curve', 'of', 'dynamic', 'susceptibility', 'contrast', 'imaging', 'demonstrates', 't2dominant', 'leakage', 'pattern', 'for', 'enhancing', 'tumor', 'showing', 'increased', 'tumor', 'blood', 'flow', 'region', 'of', 'interest', '2', 'compared', 'with', 'normalappearing', 'brain', 'regions', 'regions', 'of', 'interest', '1', 'and', '3', 'who', 'world', 'health', 'organization']"
second patient fundus photograph and optical coherence tomography oct the day after surgery a b and after removal of perfluorocarbon liquid pfcl bubble c d again atrophy of outer retinal layers and photoreceptor loss is evident in followup oct d,078862b6e206da2297b74ceff77d526fb6dd14f4_3-Figure2-1.png,"['second', 'patient', 'fundus', 'photograph', 'and', 'optical', 'coherence', 'tomography', 'oct', 'the', 'day', 'after', 'surgery', 'a', 'b', 'and', 'after', 'removal', 'of', 'perfluorocarbon', 'liquid', 'pfcl', 'bubble', 'c', 'd', 'again', 'atrophy', 'of', 'outer', 'retinal', 'layers', 'and', 'photoreceptor', 'loss', 'is', 'evident', 'in', 'followup', 'oct', 'd']"
metaanalysis results showing regions of significant p  005 corrected overlap acr size indicates increased cluster volume pcn precuneus mni coordinates 40 68 42 1 16 16 4 50 pcing posterior cingulate  28 66 18 cun cuneus 8 68 36 mfg cingulate  10 20 36 figure created using brainnet viewer httpwwwnitrcorgprojec resonance imaging,d8529f8192a1d9ab70728ac3fae2d412a461a481_4-Figure1-1.png,"['metaanalysis', 'results', 'showing', 'regions', 'of', 'significant', 'p', '005', 'corrected', 'overlap', 'acr', 'size', 'indicates', 'increased', 'cluster', 'volume', 'pcn', 'precuneus', 'mni', 'coordinates', '40', '68', '42', '1', '16', '16', '4', '50', 'pcing', 'posterior', 'cingulate', '28', '66', '18', 'cun', 'cuneus', '8', '68', '36', 'mfg', 'cingulate', '10', '20', '36', 'figure', 'created', 'using', 'brainnet', 'viewer', 'httpwwwnitrcorgprojec', 'resonance', 'imaging']"
ct perfusion images before and after surgery images show cerebral hemodynamics changes of pre and postoperation of a leftsided superficial temporal arterytomiddle cerebral artery anastomosis in moyamoya disease axial perfusion ct images show reduced a cerebral blood flow cbf increased b cerebral blood volume cbv delayed c mean transit time mtt and d time to peak ttp in the region of left middle cerebral artery before surgery the postoperative wholebrain perfusion ct images show increased e cbf reduced f cbv g mtt and h ttp in the region of left middle cerebral artery doi101371journalpone0057595g003,a5779fb8cc28231c150e90e57e3b29e6b6ffa2b8_3-Figure3-1.png,"['ct', 'perfusion', 'images', 'before', 'and', 'after', 'surgery', 'images', 'show', 'cerebral', 'hemodynamics', 'changes', 'of', 'pre', 'and', 'postoperation', 'of', 'a', 'leftsided', 'superficial', 'temporal', 'arterytomiddle', 'cerebral', 'artery', 'anastomosis', 'in', 'moyamoya', 'disease', 'axial', 'perfusion', 'ct', 'images', 'show', 'reduced', 'a', 'cerebral', 'blood', 'flow', 'cbf', 'increased', 'b', 'cerebral', 'blood', 'volume', 'cbv', 'delayed', 'c', 'mean', 'transit', 'time', 'mtt', 'and', 'd', 'time', 'to', 'peak', 'ttp', 'in', 'the', 'region', 'of', 'left', 'middle', 'cerebral', 'artery', 'before', 'surgery', 'the', 'postoperative', 'wholebrain', 'perfusion', 'ct', 'images', 'show', 'increased', 'e', 'cbf', 'reduced', 'f', 'cbv', 'g', 'mtt', 'and', 'h', 'ttp', 'in', 'the', 'region', 'of', 'left', 'middle', 'cerebral', 'artery', 'doi101371journalpone0057595g003']"
variable pressure scanning electron microscope image of a transverse section of quercus sp oak waterlogged wood from a 17th century shipwreck in salcombe bay devon uk whose vessel sizes and shapes along with parenchyma and fibres have been severely distorted after rapid drying out following removal from the marine environment image c r cartwright vc the trustees of the british museum,20b025500baa8cec9d00bd7447c955963627733c_4-Figure3-1.png,"['variable', 'pressure', 'scanning', 'electron', 'microscope', 'image', 'of', 'a', 'transverse', 'section', 'of', 'quercus', 'sp', 'oak', 'waterlogged', 'wood', 'from', 'a', '17th', 'century', 'shipwreck', 'in', 'salcombe', 'bay', 'devon', 'uk', 'whose', 'vessel', 'sizes', 'and', 'shapes', 'along', 'with', 'parenchyma', 'and', 'fibres', 'have', 'been', 'severely', 'distorted', 'after', 'rapid', 'drying', 'out', 'following', 'removal', 'from', 'the', 'marine', 'environment', 'image', 'c', 'r', 'cartwright', 'vc', 'the', 'trustees', 'of', 'the', 'british', 'museum']"
penile ultrasound 5 minutes after xiaflex injection into the plaque showing increased echogenicity from microbubbles in the plaque in a transverse view and b longitudinal view,7016e641247d9a79c9a38f232e5773a3b1691da5_2-Figure1-1.png,"['penile', 'ultrasound', '5', 'minutes', 'after', 'xiaflex', 'injection', 'into', 'the', 'plaque', 'showing', 'increased', 'echogenicity', 'from', 'microbubbles', 'in', 'the', 'plaque', 'in', 'a', 'transverse', 'view', 'and', 'b', 'longitudinal', 'view']"
close up side view of a single rightsided sm on a t1 sagittal plane the left side is hidden behind the t1 sagittal plane showing the stria arching over the interthalamic adhesion male aged 40,0025c7bdd8c55b49087f1a9ff68acf873f03a3aa_9-Figure8-1.png,"['close', 'up', 'side', 'view', 'of', 'a', 'single', 'rightsided', 'sm', 'on', 'a', 't1', 'sagittal', 'plane', 'the', 'left', 'side', 'is', 'hidden', 'behind', 'the', 't1', 'sagittal', 'plane', 'showing', 'the', 'stria', 'arching', 'over', 'the', 'interthalamic', 'adhesion', 'male', 'aged', '40']"
thickening of the wall of the small intestine upstream of a mechanical occlusion due to an adhesion band with moderate ischaemia the beak sign is clearly visible on the coronal reconstruction a double arrow whereas symmetric circumferential wall thickening with double target enhancement can be seen both on the axial section b and on the coronal reconstruction arrow surgery found moderate ischaemia of an upstream loop of the small intestine which was easily reversible by warming,b0bb7fed1544541ee78468c8696b8044535c71a8_10-Figure9-1.png,"['thickening', 'of', 'the', 'wall', 'of', 'the', 'small', 'intestine', 'upstream', 'of', 'a', 'mechanical', 'occlusion', 'due', 'to', 'an', 'adhesion', 'band', 'with', 'moderate', 'ischaemia', 'the', 'beak', 'sign', 'is', 'clearly', 'visible', 'on', 'the', 'coronal', 'reconstruction', 'a', 'double', 'arrow', 'whereas', 'symmetric', 'circumferential', 'wall', 'thickening', 'with', 'double', 'target', 'enhancement', 'can', 'be', 'seen', 'both', 'on', 'the', 'axial', 'section', 'b', 'and', 'on', 'the', 'coronal', 'reconstruction', 'arrow', 'surgery', 'found', 'moderate', 'ischaemia', 'of', 'an', 'upstream', 'loop', 'of', 'the', 'small', 'intestine', 'which', 'was', 'easily', 'reversible', 'by', 'warming']"
apical three chamber view showing contrast opacification during power pulse inversion imaging in akinetic segments middistal septum and apex panel a these segments improved during dobutamine infusion arrows panel b,a21d0dbbebd41c75efc189a63f2bc16ea00b915c_3-Figure1-1.png,"['apical', 'three', 'chamber', 'view', 'showing', 'contrast', 'opacification', 'during', 'power', 'pulse', 'inversion', 'imaging', 'in', 'akinetic', 'segments', 'middistal', 'septum', 'and', 'apex', 'panel', 'a', 'these', 'segments', 'improved', 'during', 'dobutamine', 'infusion', 'arrows', 'panel', 'b']"
the group voxel pattern relevant to each task for the real fmri data ad plsr eh glm,00396110f9d431c187410b4169efac9bac50f201_10-Figure5-1.png,"['the', 'group', 'voxel', 'pattern', 'relevant', 'to', 'each', 'task', 'for', 'the', 'real', 'fmri', 'data', 'ad', 'plsr', 'eh', 'glm']"
a 76yearold woman case 6 with foveal serous retinal detachment associated with inferior staphyloma a fundus photograph showed inferior staphyloma and inferior peripapillary crescent arrow b fluorescein angiography revealed multiple pinpoint staining arrowheads c baseline spectraldomain optical coherence tomography showed foveal serous retinal detachment d two bevacizumab injections reduced the amount of subretinal f luid srf but srf was still present e srf had increased 2 months later f after one more bevacizumab injection srf decreased slightly but remained g the patient declined further injections at the final visit little srf remained,18a7736730143976794ca780e32960752c023ce6_6-Figure7-1.png,"['a', '76yearold', 'woman', 'case', '6', 'with', 'foveal', 'serous', 'retinal', 'detachment', 'associated', 'with', 'inferior', 'staphyloma', 'a', 'fundus', 'photograph', 'showed', 'inferior', 'staphyloma', 'and', 'inferior', 'peripapillary', 'crescent', 'arrow', 'b', 'fluorescein', 'angiography', 'revealed', 'multiple', 'pinpoint', 'staining', 'arrowheads', 'c', 'baseline', 'spectraldomain', 'optical', 'coherence', 'tomography', 'showed', 'foveal', 'serous', 'retinal', 'detachment', 'd', 'two', 'bevacizumab', 'injections', 'reduced', 'the', 'amount', 'of', 'subretinal', 'f', 'luid', 'srf', 'but', 'srf', 'was', 'still', 'present', 'e', 'srf', 'had', 'increased', '2', 'months', 'later', 'f', 'after', 'one', 'more', 'bevacizumab', 'injection', 'srf', 'decreased', 'slightly', 'but', 'remained', 'g', 'the', 'patient', 'declined', 'further', 'injections', 'at', 'the', 'final', 'visit', 'little', 'srf', 'remained']"
amyloid beta and tau deposition in the 36yearold monkey double staining for phf tau at8 dark purple or black and a brown in brain slices from the 36yearold monkey a pyramidal neurons were positive for at8 arrow a higher magnification of a temporal lobe region indicated by the large rectangle in a is shown in b again showing at8positive neurons in dark purple and apositive deposits in brown at8 immunoreactivity ir was abundant in the globus pallidus arrowhead in a and in the white matter of the hippocampus asterisk in a and d in higher magnification images of the globus pallidus c at8 ir was found along fiber bundles asterisk and small round cells arrowheads see fig 4 for more details brown deposits are macrophages containing hemosiderin higher magnification of the hippocampal white matter asterisk d and e revealed at8positive oligodendroglialike cells arrowheads in e and fibers asterisks in e the hippocampal white matter asterisk f and pyramidal neurons arrow f were also immunopositive with rd4 dark purple staining in f but not for rd3 data not shown images af were captured using a virtual slide system vs120 olympus tokyo japan equipped with extended focus imaging multiple images at different focal planes 17 planes with an interval of 05 m were fused into a single image ac e double staining for at8 dark purple and a brown d klverbarrera stain f rd4 immunostaining counter stained with nuclear fast red bars a5 mm b200 m c100 m d f1 mm e20 m,9d8d9126f68a393a9105f637987c5892ad9db2d7_3-Figure1-1.png,"['amyloid', 'beta', 'and', 'tau', 'deposition', 'in', 'the', '36yearold', 'monkey', 'double', 'staining', 'for', 'phf', 'tau', 'at8', 'dark', 'purple', 'or', 'black', 'and', 'a', 'brown', 'in', 'brain', 'slices', 'from', 'the', '36yearold', 'monkey', 'a', 'pyramidal', 'neurons', 'were', 'positive', 'for', 'at8', 'arrow', 'a', 'higher', 'magnification', 'of', 'a', 'temporal', 'lobe', 'region', 'indicated', 'by', 'the', 'large', 'rectangle', 'in', 'a', 'is', 'shown', 'in', 'b', 'again', 'showing', 'at8positive', 'neurons', 'in', 'dark', 'purple', 'and', 'apositive', 'deposits', 'in', 'brown', 'at8', 'immunoreactivity', 'ir', 'was', 'abundant', 'in', 'the', 'globus', 'pallidus', 'arrowhead', 'in', 'a', 'and', 'in', 'the', 'white', 'matter', 'of', 'the', 'hippocampus', 'asterisk', 'in', 'a', 'and', 'd', 'in', 'higher', 'magnification', 'images', 'of', 'the', 'globus', 'pallidus', 'c', 'at8', 'ir', 'was', 'found', 'along', 'fiber', 'bundles', 'asterisk', 'and', 'small', 'round', 'cells', 'arrowheads', 'see', 'fig', '4', 'for', 'more', 'details', 'brown', 'deposits', 'are', 'macrophages', 'containing', 'hemosiderin', 'higher', 'magnification', 'of', 'the', 'hippocampal', 'white', 'matter', 'asterisk', 'd', 'and', 'e', 'revealed', 'at8positive', 'oligodendroglialike', 'cells', 'arrowheads', 'in', 'e', 'and', 'fibers', 'asterisks', 'in', 'e', 'the', 'hippocampal', 'white', 'matter', 'asterisk', 'f', 'and', 'pyramidal', 'neurons', 'arrow', 'f', 'were', 'also', 'immunopositive', 'with', 'rd4', 'dark', 'purple', 'staining', 'in', 'f', 'but', 'not', 'for', 'rd3', 'data', 'not', 'shown', 'images', 'af', 'were', 'captured', 'using', 'a', 'virtual', 'slide', 'system', 'vs120', 'olympus', 'tokyo', 'japan', 'equipped', 'with', 'extended', 'focus', 'imaging', 'multiple', 'images', 'at', 'different', 'focal', 'planes', '17', 'planes', 'with', 'an', 'interval', 'of', '05', 'm', 'were', 'fused', 'into', 'a', 'single', 'image', 'ac', 'e', 'double', 'staining', 'for', 'at8', 'dark', 'purple', 'and', 'a', 'brown', 'd', 'klverbarrera', 'stain', 'f', 'rd4', 'immunostaining', 'counter', 'stained', 'with', 'nuclear', 'fast', 'red', 'bars', 'a5', 'mm', 'b200', 'm', 'c100', 'm', 'd', 'f1', 'mm', 'e20', 'm']"
contrast ct imaging the arrows indicate the metastatic liver lesion,9cb192501eff2fcffdf6a6ee88d42d721d03e2a3_3-Figure3-1.png,"['contrast', 'ct', 'imaging', 'the', 'arrows', 'indicate', 'the', 'metastatic', 'liver', 'lesion']"
regional volumetric differences in graymatter in theasdpositive group compared with the asdnegative group coronal a sagittal b axial c and render d views showing regions of decreased gray matter warm colors in the asdpositive group compared with the asdnegative group volumetric differences are shown before warm colors and after adjustment for covariates green colors the crosshairs are in the left lateral occipital cortex the color bars represent the tscore right  right,c08fd7918f1263c08e981220f79a1818f3fad8f2_6-Figure2-1.png,"['regional', 'volumetric', 'differences', 'in', 'graymatter', 'in', 'theasdpositive', 'group', 'compared', 'with', 'the', 'asdnegative', 'group', 'coronal', 'a', 'sagittal', 'b', 'axial', 'c', 'and', 'render', 'd', 'views', 'showing', 'regions', 'of', 'decreased', 'gray', 'matter', 'warm', 'colors', 'in', 'the', 'asdpositive', 'group', 'compared', 'with', 'the', 'asdnegative', 'group', 'volumetric', 'differences', 'are', 'shown', 'before', 'warm', 'colors', 'and', 'after', 'adjustment', 'for', 'covariates', 'green', 'colors', 'the', 'crosshairs', 'are', 'in', 'the', 'left', 'lateral', 'occipital', 'cortex', 'the', 'color', 'bars', 'represent', 'the', 'tscore', 'right', 'right']"
brain magnetic resonance imaging mri showed a highdensity spot in the left hippocampus on diffusionweighted imaging at the first admission,3dae20647dce37b414bb2f479cd31a82fdc16c2e_2-Figure1-1.png,"['brain', 'magnetic', 'resonance', 'imaging', 'mri', 'showed', 'a', 'highdensity', 'spot', 'in', 'the', 'left', 'hippocampus', 'on', 'diffusionweighted', 'imaging', 'at', 'the', 'first', 'admission']"
imaging of the intestinal polyp via colonoscopy a and he staining b magnification x400,8f117c622698f5623cd2ac3beea351121d0070c9_5-Figure3-1.png,"['imaging', 'of', 'the', 'intestinal', 'polyp', 'via', 'colonoscopy', 'a', 'and', 'he', 'staining', 'b', 'magnification', 'x400']"
ultrasonography images of the pelvic floor at rest a and during maximum contraction b,03422da52a8c6933c84cb51d37ce6b3a647e5406_2-Figure1-1.png,"['ultrasonography', 'images', 'of', 'the', 'pelvic', 'floor', 'at', 'rest', 'a', 'and', 'during', 'maximum', 'contraction', 'b']"
late phase image showing isotope retention in both patellae the hot patella andjoint line tramline uptake,ad6a23519492a57b3a9a97ca71a6d9fbe9c7a2df_3-Figure6-1.png,"['late', 'phase', 'image', 'showing', 'isotope', 'retention', 'in', 'both', 'patellae', 'the', 'hot', 'patella', 'andjoint', 'line', 'tramline', 'uptake']"
mri plate showing the lesion in the cervical spinal cord in two sections,82a631731d73d76247c05303299a6b4d08fd8329_2-Figure2-1.png,"['mri', 'plate', 'showing', 'the', 'lesion', 'in', 'the', 'cervical', 'spinal', 'cord', 'in', 'two', 'sections']"
results of the fmri analysis on novelty as we are interested in overlap between these distinct forms of novelty all contrasts are presented on a single brain with overlapping activity shown in different colors see legend all clusters are significant at p  005 corrected for cluster extent 48 voxels at t  364 corresponding to p  0001 uncorrected all coordinates,ff7fb4d0e6e67e715a29cb3599cc43438ac5d398_4-Figure3-1.png,"['results', 'of', 'the', 'fmri', 'analysis', 'on', 'novelty', 'as', 'we', 'are', 'interested', 'in', 'overlap', 'between', 'these', 'distinct', 'forms', 'of', 'novelty', 'all', 'contrasts', 'are', 'presented', 'on', 'a', 'single', 'brain', 'with', 'overlapping', 'activity', 'shown', 'in', 'different', 'colors', 'see', 'legend', 'all', 'clusters', 'are', 'significant', 'at', 'p', '005', 'corrected', 'for', 'cluster', 'extent', '48', 'voxels', 'at', 't', '364', 'corresponding', 'to', 'p', '0001', 'uncorrected', 'all', 'coordinates']"
radiology of a patient with simultaneous allergic bronchopulmonary aspergillosis abpa and allergic fungal rhinosinusitis afrs the patient presented with abpa and was diagnosed as afrs a year later when the patient manifested with upper respiratory tract symptoms noncontrast computed tomography ct of the paranasal sinuses showing soft tissue opacity within the right maxillary sinus panel a the soft tissue represents mucus impaction and the mucus is hyperattenuating thin arrow mediastinal sections of the high resolution ct of the chest panel b showing hyperattenuating mucus impaction in the lateral segment of the right middle lobe thick arrow,be6e8a7a7535ccb90749a6a72fd5fa40729a668a_6-Figure3-1.png,"['radiology', 'of', 'a', 'patient', 'with', 'simultaneous', 'allergic', 'bronchopulmonary', 'aspergillosis', 'abpa', 'and', 'allergic', 'fungal', 'rhinosinusitis', 'afrs', 'the', 'patient', 'presented', 'with', 'abpa', 'and', 'was', 'diagnosed', 'as', 'afrs', 'a', 'year', 'later', 'when', 'the', 'patient', 'manifested', 'with', 'upper', 'respiratory', 'tract', 'symptoms', 'noncontrast', 'computed', 'tomography', 'ct', 'of', 'the', 'paranasal', 'sinuses', 'showing', 'soft', 'tissue', 'opacity', 'within', 'the', 'right', 'maxillary', 'sinus', 'panel', 'a', 'the', 'soft', 'tissue', 'represents', 'mucus', 'impaction', 'and', 'the', 'mucus', 'is', 'hyperattenuating', 'thin', 'arrow', 'mediastinal', 'sections', 'of', 'the', 'high', 'resolution', 'ct', 'of', 'the', 'chest', 'panel', 'b', 'showing', 'hyperattenuating', 'mucus', 'impaction', 'in', 'the', 'lateral', 'segment', 'of', 'the', 'right', 'middle', 'lobe', 'thick', 'arrow']"
human sperm treated with alkaline thiogycolate and followed by phasecontrast microscopy  fig  1 a shows an early stage of treatment  the sperm head membranes are relatively intact fig 1 b the head membranes have ruptured and the exposed nucleus begins to expand  a portion of the acrosomal cap is attached to the nucleus tip  fig  1 c the nucleus becomes diffuse with the acrosomal cap still adhering to the tip fig  1 d the final stage of nuclear exposure showing the head cap expelled and the nucleus in an expanded state scale marker 5 u x 1900 ,3d200286e87a4fc17a142652bb71020dc40b9b82_2-Figure1-1.png,"['human', 'sperm', 'treated', 'with', 'alkaline', 'thiogycolate', 'and', 'followed', 'by', 'phasecontrast', 'microscopy', 'fig', '1', 'a', 'shows', 'an', 'early', 'stage', 'of', 'treatment', 'the', 'sperm', 'head', 'membranes', 'are', 'relatively', 'intact', 'fig', '1', 'b', 'the', 'head', 'membranes', 'have', 'ruptured', 'and', 'the', 'exposed', 'nucleus', 'begins', 'to', 'expand', 'a', 'portion', 'of', 'the', 'acrosomal', 'cap', 'is', 'attached', 'to', 'the', 'nucleus', 'tip', 'fig', '1', 'c', 'the', 'nucleus', 'becomes', 'diffuse', 'with', 'the', 'acrosomal', 'cap', 'still', 'adhering', 'to', 'the', 'tip', 'fig', '1', 'd', 'the', 'final', 'stage', 'of', 'nuclear', 'exposure', 'showing', 'the', 'head', 'cap', 'expelled', 'and', 'the', 'nucleus', 'in', 'an', 'expanded', 'state', 'scale', 'marker', '5', 'u', 'x', '1900']"
a axial t1weighted mr image showing retroperitoneal mass with hypointense relative to the liver b hyperintense mass on axial t2weighted mr image and c after contrast material injection poorly enhanced mass on enhanced axial t1weighted mr image,ee483a6e290cef6029c497e7017d2d12bb5d70f9_2-Figure2-1.png,"['a', 'axial', 't1weighted', 'mr', 'image', 'showing', 'retroperitoneal', 'mass', 'with', 'hypointense', 'relative', 'to', 'the', 'liver', 'b', 'hyperintense', 'mass', 'on', 'axial', 't2weighted', 'mr', 'image', 'and', 'c', 'after', 'contrast', 'material', 'injection', 'poorly', 'enhanced', 'mass', 'on', 'enhanced', 'axial', 't1weighted', 'mr', 'image']"
bone scintigraphy is shown the bone scan shows abnormally high,13f7db370afcebe25d74668bde01f21a1ca4534c_2-Figure2-1.png,"['bone', 'scintigraphy', 'is', 'shown', 'the', 'bone', 'scan', 'shows', 'abnormally', 'high']"
serial abdominal computed tomography findings two months postoperatively liver metastases are demonstrated a which increased 6 months postoperatively b the liver metastases resolved after 2 months of restarting gemcitabine plus cisplatin c but it enlarged again 2 months later d,a4711d818c6dfa1839447e979a6650df137948b3_5-Figure7-1.png,"['serial', 'abdominal', 'computed', 'tomography', 'findings', 'two', 'months', 'postoperatively', 'liver', 'metastases', 'are', 'demonstrated', 'a', 'which', 'increased', '6', 'months', 'postoperatively', 'b', 'the', 'liver', 'metastases', 'resolved', 'after', '2', 'months', 'of', 'restarting', 'gemcitabine', 'plus', 'cisplatin', 'c', 'but', 'it', 'enlarged', 'again', '2', 'months', 'later', 'd']"
representative isodose curves of gtv for the bnct alone a in axial and coronal views and bnctimrt b plans in axial and coronal views for a recurrent parotid gland tumor,d0af0d5ca51bb0c12de3da3b445af0d3fe05855a_7-Figure2-1.png,"['representative', 'isodose', 'curves', 'of', 'gtv', 'for', 'the', 'bnct', 'alone', 'a', 'in', 'axial', 'and', 'coronal', 'views', 'and', 'bnctimrt', 'b', 'plans', 'in', 'axial', 'and', 'coronal', 'views', 'for', 'a', 'recurrent', 'parotid', 'gland', 'tumor']"
intracardiac echocardiographic imaging pre and postamplatze deployment,074d4bd2a3af2487d677137504a98fe37689ad9d_4-Figure3-1.png,"['intracardiac', 'echocardiographic', 'imaging', 'pre', 'and', 'postamplatze', 'deployment']"
t1weighted magnetic resonance images showing the region of interest location used for proton magnetic resonance spectroscopy of the midparietal gray matter,6c027bd07bac3a4a8f926c920566efabcb11f3c7_3-Figure1-1.png,"['t1weighted', 'magnetic', 'resonance', 'images', 'showing', 'the', 'region', 'of', 'interest', 'location', 'used', 'for', 'proton', 'magnetic', 'resonance', 'spectroscopy', 'of', 'the', 'midparietal', 'gray', 'matter']"
a c hrctof the temporal bone axial plane left side normal fundus of the internal auditory canal arrow clear demarcation of the basal turn of the cochlea and the vestibulum labyrinthi,3943aaf8f3d2fd7be45cb02761145047d06fcb21_6-Figure4-1.png,"['a', 'c', 'hrctof', 'the', 'temporal', 'bone', 'axial', 'plane', 'left', 'side', 'normal', 'fundus', 'of', 'the', 'internal', 'auditory', 'canal', 'arrow', 'clear', 'demarcation', 'of', 'the', 'basal', 'turn', 'of', 'the', 'cochlea', 'and', 'the', 'vestibulum', 'labyrinthi']"
tumor segmentation steps for one of the tumors patient id bi01 from training set in our database that is visible in the slice by using the method proposed in 78 for the other tumors the same algorithm was used a initial 18ffdg pet and liver segmentation green b 18ffdg initial threshold and finding initial tumor burden liver segmentation green  tumor cores red c finding specific background for each tumor liver segmentation green tumor cores red background blue and d final tumor thresholding liver segmentation green initial tumor volume which is not included in the final tumor segmentation red final tumor segmentation blue,5b9c9c92e28c208490606d4c1438abfe9d6565aa_8-Figure4-1.png,"['tumor', 'segmentation', 'steps', 'for', 'one', 'of', 'the', 'tumors', 'patient', 'id', 'bi01', 'from', 'training', 'set', 'in', 'our', 'database', 'that', 'is', 'visible', 'in', 'the', 'slice', 'by', 'using', 'the', 'method', 'proposed', 'in', '78', 'for', 'the', 'other', 'tumors', 'the', 'same', 'algorithm', 'was', 'used', 'a', 'initial', '18ffdg', 'pet', 'and', 'liver', 'segmentation', 'green', 'b', '18ffdg', 'initial', 'threshold', 'and', 'finding', 'initial', 'tumor', 'burden', 'liver', 'segmentation', 'green', 'tumor', 'cores', 'red', 'c', 'finding', 'specific', 'background', 'for', 'each', 'tumor', 'liver', 'segmentation', 'green', 'tumor', 'cores', 'red', 'background', 'blue', 'and', 'd', 'final', 'tumor', 'thresholding', 'liver', 'segmentation', 'green', 'initial', 'tumor', 'volume', 'which', 'is', 'not', 'included', 'in', 'the', 'final', 'tumor', 'segmentation', 'red', 'final', 'tumor', 'segmentation', 'blue']"
